/*
 * ValiantCore Kernel
 * Copyright (C) 2026 bigpower
 * SPDX-License-Identifier: GPL-2.0-only
 */

#ifndef VCORE_LOGO_H
#define VCORE_LOGO_H

#include <stdint.h>

#define LOGO_WIDTH  128
#define LOGO_HEIGHT 128

static const uint32_t valiantcore_logo[16384] = {
    0x202740,0x212841,0x212844,0x1F2642,0x202644,0x2A2F4A,0x3A3D50,0x41434E,
    0x393D44,0x31363C,0x2F343A,0x2F343A,0x2F343A,0x2F343A,0x2F343A,0x30353B,
    0x30353B,0x30353B,0x30353B,0x30353B,0x30353B,0x30353B,0x30353B,0x30353B,
    0x30353B,0x30353B,0x30353B,0x30353B,0x30353B,0x30353B,0x30353B,0x30353B,
    0x30353B,0x30353B,0x30353B,0x30353B,0x30353B,0x30353B,0x30353B,0x30353B,
    0x30353B,0x30353B,0x30353B,0x31343B,0x31343B,0x31343B,0x31343B,0x30353B,
    0x30353B,0x30353B,0x30353B,0x30353B,0x30353B,0x30353B,0x30353B,0x30353B,
    0x30353B,0x30353B,0x30353B,0x30353B,0x30353B,0x30353B,0x30353B,0x30353B,
    0x30353B,0x30353B,0x30353B,0x30353B,0x31343B,0x31343B,0x31343B,0x31343B,
    0x31343B,0x30353B,0x30353B,0x30353B,0x30353B,0x30353B,0x30353B,0x30353B,
    0x30353B,0x30353B,0x30353B,0x30353B,0x30353B,0x31343B,0x31343B,0x31343B,
    0x31343B,0x31343B,0x31343B,0x31343B,0x31343B,0x31343B,0x31343B,0x31343B,
    0x31343B,0x31343B,0x30353B,0x30353B,0x30353B,0x30353B,0x30353B,0x30353B,
    0x30353B,0x30353B,0x30353B,0x31343B,0x31343B,0x31343B,0x31343B,0x2F343A,
    0x2F343A,0x2F343A,0x2F343A,0x2E3339,0x2E3339,0x2F343A,0x2F343A,0x2F3338,
    0x363A3F,0x40434E,0x3E4051,0x313249,0x272845,0x272648,0x2A2647,0x2A2741,
    0x212744,0x212643,0x202641,0x282F48,0x383E51,0x3C4250,0x363B44,0x2E3337,
    0x2D3236,0x2E3339,0x2E3339,0x2F343A,0x2F343A,0x30353B,0x30353B,0x31363C,
    0x31363C,0x30353B,0x30353B,0x30353B,0x30353B,0x30353B,0x30353B,0x30353B,
    0x30353B,0x30353B,0x30353B,0x30353B,0x30353B,0x30353B,0x30353B,0x30353B,
    0x30353B,0x30353B,0x30353B,0x30353B,0x30353B,0x30353B,0x30353B,0x30353B,
    0x30353B,0x30353B,0x30353B,0x30353B,0x30353B,0x30353B,0x30353B,0x30353B,
    0x30353B,0x30353B,0x30353B,0x30353B,0x30353B,0x30353B,0x30353B,0x30353B,
    0x30353B,0x30353B,0x30353B,0x30353B,0x30353B,0x30353B,0x30353B,0x30353B,
    0x30353B,0x30353B,0x30353B,0x30353B,0x30353B,0x30353B,0x30353B,0x30353B,
    0x30353B,0x30353B,0x30353B,0x30353B,0x30353B,0x30353B,0x30353B,0x30353B,
    0x30353B,0x30353B,0x30353B,0x30353B,0x30353B,0x30353B,0x30353B,0x30353B,
    0x30353B,0x30353B,0x30353B,0x30353B,0x30353B,0x30353B,0x30353B,0x30353B,
    0x30353B,0x30353B,0x30353B,0x30353B,0x30353B,0x30353B,0x30353B,0x30353B,
    0x30353B,0x30353B,0x30353B,0x2F353B,0x2F353B,0x30353B,0x2F353B,0x30353B,
    0x30353B,0x30353B,0x30353B,0x2F343A,0x2F343A,0x2F343A,0x2F343A,0x2E3339,
    0x2E3338,0x2E3338,0x34393E,0x3D4249,0x3B3F4E,0x2F3147,0x282744,0x2A2846,
    0x212543,0x242942,0x353B4C,0x3E4650,0x363A41,0x2E3338,0x2C3337,0x2C3538,
    0x2D3539,0x2E3339,0x2F343A,0x2F343A,0x2F343A,0x2F343A,0x30353B,0x30353B,
    0x30353B,0x2F343A,0x2F343A,0x2F343A,0x2F343A,0x30353B,0x30353B,0x30353B,
    0x30353B,0x30353B,0x2F343A,0x2F343A,0x2F343A,0x2F343A,0x2F343A,0x2F343A,
    0x2F343A,0x2F343A,0x2F343A,0x2F343A,0x2F343A,0x2F343A,0x30353B,0x30353B,
    0x2F353B,0x2F343A,0x2F343A,0x2D353B,0x2D353B,0x2D353B,0x2E353B,0x30353B,
    0x30353B,0x30353B,0x30353B,0x2F343A,0x2F343A,0x30353B,0x30353B,0x30353B,
    0x30353B,0x30353B,0x30353B,0x30353B,0x30353B,0x30353B,0x30353B,0x30353B,
    0x2F343A,0x2F343A,0x30353B,0x30353B,0x2F353B,0x2E353B,0x2D353A,0x2D353A,
    0x2E343A,0x2F343A,0x2F343A,0x2F343A,0x2F343A,0x30353B,0x30353B,0x30353B,
    0x30353B,0x2E3339,0x2F343A,0x30353B,0x30353B,0x2F353B,0x2D353B,0x2D353B,
    0x2D353B,0x2D353B,0x2D353B,0x2D353B,0x2C343A,0x2C343A,0x2C343A,0x2C343A,
    0x2D353B,0x2D353B,0x30353B,0x30353B,0x30353B,0x30353B,0x30353B,0x30353B,
    0x30353B,0x2F343A,0x2E343A,0x2C343A,0x2C343A,0x2C343A,0x2D343A,0x2F343A,
    0x2F343A,0x2F343A,0x2F343A,0x2F343A,0x2F343A,0x2F343A,0x2F343A,0x2D333A,
    0x2D353A,0x2D3539,0x2B3437,0x2B3437,0x313940,0x3D434C,0x383B4C,0x2A2B43,
    0x2C3044,0x3D4252,0x383E47,0x2B3235,0x2C3035,0x303439,0x2E353B,0x2D343B,
    0x2E353B,0x30353B,0x30353B,0x30353B,0x30353B,0x2F343A,0x30353B,0x30353B,
    0x30353B,0x30353B,0x30353B,0x2F343A,0x2F343A,0x30353B,0x30353B,0x30353B,
    0x30353B,0x30353B,0x2F343A,0x2F343A,0x2F343A,0x2F343A,0x2F343A,0x2F343A,
    0x2F343A,0x2F343A,0x2F343A,0x2F343A,0x2F343A,0x2F343A,0x30353B,0x30353B,
    0x30353B,0x30353B,0x2F353B,0x2E363B,0x2E353B,0x2E363B,0x2E353B,0x30353B,
    0x30353B,0x30353B,0x30353B,0x30353B,0x30353B,0x30353B,0x30353B,0x30353B,
    0x30353B,0x30353B,0x30353B,0x30353B,0x30353B,0x30353B,0x30353B,0x30353B,
    0x2F343A,0x2F343A,0x30353B,0x30353B,0x2E353B,0x2E353B,0x2E363B,0x2E353B,
    0x2F353B,0x30353B,0x30353B,0x30353B,0x30353B,0x30353B,0x30353B,0x30353B,
    0x30353B,0x2E3339,0x2F343A,0x30353B,0x30353B,0x2F353B,0x2E363B,0x2E353B,
    0x2E363B,0x2E353B,0x2E363B,0x2E353B,0x2D353A,0x2E353A,0x2D343A,0x2D353A,
    0x2E353B,0x2E353B,0x30353B,0x30353B,0x30353B,0x30353B,0x30353B,0x30353B,
    0x2F353B,0x2F343A,0x2E343A,0x2D343A,0x2D343A,0x2D353A,0x2E353A,0x2F343A,
    0x2F343A,0x2F343A,0x2F343A,0x2F343A,0x2F343A,0x2F343A,0x2F343A,0x2E3439,
    0x2D3539,0x2D343B,0x2D353C,0x2D343D,0x2B3239,0x2B3136,0x373C44,0x3F424F,
    0x3F434E,0x333741,0x2B2F37,0x2D3238,0x2E3339,0x2F343A,0x2F343A,0x2F343A,
    0x2F343A,0x2F343A,0x2F343A,0x2F343A,0x2F343A,0x2F343A,0x2F343A,0x2F343A,
    0x2F343A,0x2F343A,0x2F343A,0x2F343A,0x2F343A,0x2F343A,0x2F343A,0x2F343A,
    0x2F343A,0x2F343A,0x2F343A,0x2F343A,0x2F343A,0x2F343A,0x2E3339,0x2E3339,
    0x2E3339,0x2E3339,0x2F343A,0x2F343A,0x2F343A,0x2F343A,0x2F343A,0x2F343A,
    0x2F343A,0x2F343A,0x2F343A,0x2F343A,0x2F343A,0x2F343A,0x2F343A,0x2F343A,
    0x2F343A,0x2F343A,0x2F343A,0x2F343A,0x2F343A,0x2F343A,0x2F343A,0x2F343A,
    0x2F343A,0x2F343A,0x2F343A,0x2F343A,0x2F343A,0x2F343A,0x2F343A,0x2F343A,
    0x2F343A,0x2F343A,0x2F343A,0x2F343A,0x2F343A,0x2F343A,0x2F343A,0x2F343A,
    0x2F343A,0x2F343A,0x2F343A,0x2F343A,0x2F343A,0x2F343A,0x2F343A,0x2F343A,
    0x2F343A,0x2F343A,0x2F343A,0x2F343A,0x2F343A,0x2F343A,0x2F343A,0x2F343A,
    0x2F343A,0x2F343A,0x2F343A,0x2F343A,0x2F343A,0x2F343A,0x2F343A,0x2F343A,
    0x2F343A,0x2F343A,0x2F343A,0x2F343A,0x2F343A,0x2F343A,0x2F343A,0x2F343A,
    0x2F343A,0x2E3339,0x2E3339,0x2E3339,0x2E3339,0x2F343A,0x2F343A,0x2E3339,
    0x2E3339,0x2E3339,0x2E3339,0x2E3339,0x2E3339,0x2E3339,0x2E3339,0x2F343A,
    0x2F343A,0x2F343A,0x2F343A,0x2F343A,0x2E3339,0x2E3339,0x2D3238,0x31363B,
    0x2E333A,0x2C3038,0x2E333A,0x2E333A,0x2E333A,0x2F343A,0x2F343A,0x2F343A,
    0x2F343A,0x2E3339,0x2E3339,0x2E3339,0x2E3339,0x2E3339,0x2E3339,0x2E3339,
    0x2E3339,0x2D3238,0x2E3339,0x2E3339,0x2E3339,0x2E3339,0x2E3339,0x2E3339,
    0x2E3339,0x2E3339,0x2E3339,0x2E3339,0x2E3339,0x2E3339,0x2E3339,0x2E3339,
    0x2E3339,0x2E3339,0x2F343A,0x2F343A,0x2F343A,0x2F343A,0x2F343A,0x2F343A,
    0x2F343A,0x2F343A,0x2E343A,0x2E343A,0x2E343A,0x2E343A,0x2E343A,0x2F343A,
    0x2F343A,0x2E3339,0x2E3339,0x2E3339,0x2E3339,0x2E3339,0x2E3339,0x2E3339,
    0x2E3339,0x2E3339,0x2E3339,0x2E3339,0x2E3339,0x2E3339,0x2E3339,0x2E3339,
    0x2E3339,0x2E3339,0x2E3339,0x2E3339,0x2F343A,0x2F343A,0x2E3339,0x2E3339,
    0x2E3339,0x2E3339,0x2E3339,0x2E3339,0x2E3339,0x2F343A,0x2F343A,0x2E3339,
    0x2E3339,0x2F343A,0x2F343A,0x2F343A,0x2F343A,0x2E343A,0x2E343A,0x2E343A,
    0x2E343A,0x2E343A,0x2E343A,0x2E343A,0x2E3339,0x2E3339,0x2E3339,0x2E3339,
    0x2E3339,0x2E3339,0x2E3339,0x2E3339,0x2E3339,0x2E3339,0x2E3339,0x2E3339,
    0x2E3339,0x2E3339,0x2E3339,0x2E3339,0x2E3339,0x2E3339,0x2E3339,0x2E3339,
    0x2E3339,0x2E3339,0x2E3339,0x2E3339,0x2E3339,0x2E3339,0x2E3339,0x2E3339,
    0x2E3339,0x2E3339,0x2E3339,0x2E3339,0x2E3339,0x2E3339,0x2E3339,0x2D3238,
    0x2E3336,0x2E3337,0x2F343A,0x2F333C,0x2F343B,0x2F343A,0x2F343A,0x2F343A,
    0x2F343A,0x2E3339,0x2E3339,0x2E3339,0x2E3339,0x2E3339,0x2E3339,0x2E3339,
    0x2E3339,0x2D3238,0x2E3339,0x2E3339,0x2E3339,0x2E3339,0x2E3339,0x2E3339,
    0x2E3339,0x2E3339,0x2E3339,0x2E3339,0x2E3339,0x2E3339,0x2F343A,0x2F343A,
    0x2F343A,0x2F343A,0x2F343A,0x2F343A,0x2F343A,0x2F343A,0x2F343A,0x2F343A,
    0x2F343A,0x2F343A,0x2F343A,0x2F343A,0x2F343A,0x2F343A,0x2F343A,0x2F343A,
    0x2F343A,0x2E3339,0x2E3339,0x2E3339,0x2E3339,0x2E3339,0x2E3339,0x2E3339,
    0x2E3339,0x2E3339,0x2E3339,0x2E3339,0x2E3339,0x2E3339,0x2E3339,0x2E3339,
    0x2E3339,0x2E3339,0x2E3339,0x2E3339,0x2F343A,0x2F343A,0x2E3339,0x2E3339,
    0x2E3339,0x2E3339,0x2E3339,0x2E3339,0x2E3339,0x2F343A,0x2F343A,0x2E3339,
    0x2E3339,0x2F343A,0x2F343A,0x2F343A,0x2F343A,0x2F343A,0x2F343A,0x2F343A,
    0x2F343A,0x2F343A,0x2F343A,0x2F343A,0x2E3339,0x2E3339,0x2E3339,0x2E3339,
    0x2F343A,0x2F343A,0x2E3339,0x2E3339,0x2E3339,0x2E3339,0x2E3339,0x2E3339,
    0x2E3339,0x2E3339,0x2E3339,0x2E3339,0x2E3339,0x2E3339,0x2E3339,0x2F343A,
    0x2F343A,0x2E3339,0x2E3339,0x2E3339,0x2E3339,0x2E3339,0x2E3339,0x2E3339,
    0x2E3339,0x2E3339,0x2E3339,0x2E3339,0x2E3339,0x2E3339,0x2E3339,0x2E3339,
    0x2E3338,0x2E3339,0x2E3339,0x2E333A,0x2F343A,0x2F343A,0x2F343A,0x2F343A,
    0x2F343A,0x2E3339,0x2E3339,0x2E3339,0x2E3339,0x2E3339,0x2E3339,0x2E3339,
    0x2E3339,0x2E3339,0x2E3339,0x2F343A,0x2F343A,0x2E3339,0x2E3339,0x2E3339,
    0x2E3339,0x2E3339,0x2E3339,0x2E3339,0x2E3339,0x2E3339,0x2E3339,0x2F343A,
    0x2F343A,0x2F343A,0x2F343A,0x2F343A,0x2F343A,0x2F343A,0x2F343A,0x2F343A,
    0x2F343A,0x2F343A,0x2F343A,0x2F343A,0x2F343A,0x2F343A,0x2F343A,0x2F343A,
    0x2F343A,0x2F343A,0x2F343A,0x2E3339,0x2E3339,0x2F343A,0x2F343A,0x2E3339,
    0x2E3339,0x2E3339,0x2E3339,0x2E3339,0x2E3339,0x2E3339,0x2E3339,0x2E3339,
    0x2E3339,0x2E3339,0x2E3339,0x2E3339,0x2E3339,0x2E3339,0x2E3339,0x2E3339,
    0x2E3339,0x2E3339,0x2E3339,0x2F343A,0x2F343A,0x2F343A,0x2F343A,0x2F343A,
    0x2F343A,0x2E3339,0x2F343A,0x2F343A,0x2F343A,0x2F343A,0x2F343A,0x2F343A,
    0x2F343A,0x2F343A,0x2F343A,0x2F343A,0x2F343A,0x2F343A,0x2F343A,0x2F343A,
    0x2F343A,0x2F343A,0x2F343A,0x2F343A,0x2F343A,0x2F343A,0x2E3339,0x2E3339,
    0x2E3339,0x2E3339,0x2E3339,0x2E3339,0x2E3339,0x2F343A,0x2F343A,0x2F343A,
    0x2F343A,0x2F343A,0x2F343A,0x2F343A,0x2F343A,0x2E3339,0x2E3339,0x2E3339,
    0x2E3339,0x2E3339,0x2E3339,0x2E3339,0x2E3339,0x2E3339,0x2E3339,0x2E3339,
    0x2E3339,0x2E3339,0x2E3339,0x2E3339,0x2F343A,0x2F343A,0x2F343A,0x2F343A,
    0x2F343A,0x2E3339,0x2E3339,0x2E3339,0x2E3339,0x2E3339,0x2E3339,0x2E3339,
    0x2E3339,0x2E3339,0x2E3339,0x2F343A,0x2F343A,0x2E3339,0x2E3339,0x2E3339,
    0x2E3339,0x2E3339,0x2E3339,0x2E3339,0x2E3339,0x2E3339,0x2E3339,0x2F343A,
    0x2F343A,0x2F343A,0x2F343A,0x2F343A,0x2F343A,0x2F343A,0x2F343A,0x2F343A,
    0x2F343A,0x2F343A,0x2F343A,0x2F343A,0x2F343A,0x2F343A,0x2F343A,0x2F343A,
    0x2F343A,0x2F343A,0x2F343A,0x2E3339,0x2E3339,0x2E3339,0x2E3339,0x2E3339,
    0x2E3339,0x2E3339,0x2E3339,0x2E3339,0x2E3339,0x2E3339,0x2E3339,0x2E3339,
    0x2E3339,0x2E3339,0x2E3339,0x2E3339,0x2E3339,0x2E3339,0x2E3339,0x2E3339,
    0x2E3339,0x2E3339,0x2E3339,0x2F343A,0x2F343A,0x2F343A,0x2F343A,0x2F343A,
    0x2F343A,0x2E3339,0x2F343A,0x2F343A,0x2F343A,0x2F343A,0x2F343A,0x2F343A,
    0x2F343A,0x2F343A,0x2F343A,0x2F343A,0x2F343A,0x2F343A,0x2F343A,0x2F343A,
    0x2F343A,0x2F343A,0x2F343A,0x2F343A,0x2F343A,0x2F343A,0x2E3339,0x2E3339,
    0x2E3339,0x2E3339,0x2E3339,0x2E3339,0x2E3339,0x2F343A,0x2F343A,0x2F343A,
    0x2F343A,0x2F343A,0x2F343A,0x2F343A,0x2F343A,0x2E3339,0x2E3339,0x2E3339,
    0x2E3339,0x2E3339,0x2E3339,0x2E3339,0x2E3339,0x2E3339,0x2E3339,0x2E3339,
    0x2E3339,0x2E3339,0x2E3339,0x2E3339,0x2E3339,0x2F343A,0x2F343A,0x2F343A,
    0x2F343A,0x2E3339,0x2E3339,0x2E3339,0x2E3339,0x2E3339,0x2E3339,0x2E3339,
    0x2E3339,0x2E3339,0x2E3339,0x2E3339,0x2E3339,0x2E3339,0x2E3339,0x2F343A,
    0x2F343A,0x2F343A,0x2E3339,0x2E3339,0x2F343A,0x2F343A,0x2F343A,0x2F343A,
    0x2F343A,0x2F343A,0x2F343A,0x2F343A,0x2F343A,0x2F343A,0x2F343A,0x2F343A,
    0x2F343A,0x2F343A,0x2F343A,0x2F343A,0x2F343A,0x2F343A,0x2F343A,0x2F343A,
    0x2F343A,0x2F343A,0x2F343A,0x2F343A,0x2F343A,0x2F343A,0x2F343A,0x2F343A,
    0x2F343A,0x2F343A,0x2E3339,0x2E3339,0x2F343A,0x2F343A,0x2F343A,0x2F343A,
    0x2F343A,0x2F343A,0x2E3339,0x2E3339,0x2F343A,0x2F343A,0x2F343A,0x2F343A,
    0x2F343A,0x2F343A,0x2F343A,0x2F343A,0x2F343A,0x2F343A,0x2F343A,0x2F343A,
    0x2F343A,0x2F343A,0x2F343A,0x2F343A,0x2F343A,0x2F343A,0x2F343A,0x2F343A,
    0x2F343A,0x2F343A,0x2F343A,0x2F343A,0x2F343A,0x2F343A,0x2F343A,0x2F343A,
    0x2F343A,0x2F343A,0x2F343A,0x2F343A,0x2F343A,0x2F343A,0x2F343A,0x2F343A,
    0x2F343A,0x2F343A,0x2F343A,0x2F343A,0x2F343A,0x2F343A,0x2F343A,0x2F343A,
    0x2F343A,0x2F343A,0x2F343A,0x2F343A,0x2F343A,0x2E3339,0x2E3339,0x2E3339,
    0x2E3339,0x2E3339,0x2E3339,0x2E3339,0x2E3339,0x2E3339,0x2E3339,0x2E3339,
    0x2E3339,0x2E3339,0x2E3339,0x2E3339,0x2E3339,0x2F343A,0x2F343A,0x2F343A,
    0x2F343A,0x2E3339,0x2E3339,0x2E3339,0x2E3339,0x2E3339,0x2E3339,0x2E3339,
    0x2E3339,0x2E3339,0x2E3339,0x2E3339,0x2E3339,0x2F343A,0x30353B,0x2F343A,
    0x2F343A,0x2F343A,0x2E3339,0x2E3339,0x2F343A,0x2F343A,0x2F343A,0x2F343A,
    0x2F343A,0x2F343A,0x2F343A,0x2F343A,0x2F343A,0x2F343A,0x2F343A,0x2F343A,
    0x2F343A,0x2F343A,0x2F343A,0x2F343A,0x2F343A,0x2F343A,0x2F343A,0x2F343A,
    0x2F343A,0x2F343A,0x2F343A,0x2F343A,0x2F343A,0x2F343A,0x2F343A,0x2F343A,
    0x2F343A,0x2F343A,0x2F343A,0x2F343A,0x2F343A,0x2F343A,0x2F343A,0x2F343A,
    0x2F343A,0x2F343A,0x30353B,0x30353B,0x2F343A,0x2F343A,0x2F343A,0x2F343A,
    0x2F343A,0x2F343A,0x2F343A,0x2F343A,0x2F343A,0x2F343A,0x2F343A,0x2F343A,
    0x2F343A,0x2F343A,0x2F343A,0x2F343A,0x2F343A,0x2F343A,0x2F343A,0x2F343A,
    0x2F343A,0x2F343A,0x2F343A,0x2F343A,0x2F343A,0x2F343A,0x2F343A,0x2F343A,
    0x2F343A,0x2F343A,0x2F343A,0x2F343A,0x2F343A,0x2F343A,0x2F343A,0x2F343A,
    0x2F343A,0x2F343A,0x2F343A,0x2F343A,0x2F343A,0x2F343A,0x2F343A,0x2F343A,
    0x2F343A,0x2F343A,0x2F343A,0x2F343A,0x2F343A,0x2F343A,0x2F343A,0x2F343A,
    0x2E3339,0x2E3339,0x2E3339,0x2E3339,0x2E3339,0x2E3339,0x2E3339,0x2E3339,
    0x2E3339,0x2E3339,0x2E3339,0x2E3339,0x2F343A,0x2F343A,0x2F343A,0x2F343A,
    0x2F343A,0x2F343A,0x2F343A,0x2E3339,0x2E3339,0x2E3339,0x2E3339,0x2E3339,
    0x2E3339,0x2E3339,0x2E3339,0x2F343A,0x2F343A,0x30353B,0x30353B,0x2F343A,
    0x2F343A,0x2F343A,0x2F343A,0x2F343A,0x2F343A,0x2F343A,0x2F343A,0x2F343A,
    0x2F343A,0x2F343A,0x2F343A,0x2F343A,0x2F343A,0x2F343A,0x2F343A,0x2F343A,
    0x2F343A,0x2F343A,0x2F343A,0x2F343A,0x2F343A,0x2F343A,0x2F343A,0x2F343A,
    0x2F343A,0x2F343A,0x2F343A,0x30353B,0x30353B,0x2F343A,0x2F343A,0x2F343A,
    0x2F343A,0x2F343A,0x2F343A,0x2F343A,0x2F343A,0x2F343A,0x2F343A,0x2F343A,
    0x2F343A,0x2F343A,0x2F343A,0x2F343A,0x2F343A,0x2F343A,0x2F343A,0x2F343A,
    0x2F343A,0x2F343A,0x2F343A,0x30353B,0x30353B,0x2F343A,0x2F343A,0x2F343A,
    0x2F343A,0x2F343A,0x2F343A,0x2F343A,0x2F343A,0x2F343A,0x2F343A,0x2F343A,
    0x2F343A,0x2F343A,0x2F343A,0x2F343A,0x2F343A,0x2F343A,0x2F343A,0x2F343A,
    0x2F343A,0x2F343A,0x2F343A,0x2F343A,0x30353B,0x30353B,0x2F343A,0x2F343A,
    0x2F343A,0x2F343A,0x2F343A,0x2F343A,0x2F343A,0x2F343A,0x2F343A,0x2F343A,
    0x2F343A,0x2F343A,0x2F343A,0x2F343A,0x2F343A,0x2F343A,0x2F343A,0x2F343A,
    0x2F343A,0x2F343A,0x2E3339,0x2E3339,0x2F343A,0x2F343A,0x2F343A,0x2F343A,
    0x2E3339,0x2E3339,0x2E3339,0x2E3339,0x2F343A,0x2F343A,0x2F343A,0x2F343A,
    0x2F343A,0x2F343A,0x2F343A,0x2E3339,0x2E3339,0x2E3339,0x2E3339,0x2E3339,
    0x2E3339,0x2E3339,0x2E3339,0x2F343A,0x2F343A,0x2F343A,0x2F343A,0x2F343A,
    0x2F343A,0x2F343A,0x2F343A,0x2F343A,0x2F343A,0x2F343A,0x2F343A,0x2F343A,
    0x2F343A,0x2F343A,0x2F343A,0x2F343A,0x2F343A,0x2F343A,0x2F343A,0x2F343A,
    0x2F343A,0x2F343A,0x2F343A,0x2F343A,0x2F343A,0x2F343A,0x2F343A,0x2F343A,
    0x2F343A,0x2F343A,0x2F343A,0x30353B,0x30353B,0x2F343A,0x2F343A,0x2F343A,
    0x2F343A,0x2F343A,0x2F343A,0x2F343A,0x2F343A,0x2F343A,0x2F343A,0x2F343A,
    0x2F343A,0x2F343A,0x2F343A,0x2F343A,0x2F343A,0x2F343A,0x2F343A,0x2F343A,
    0x2F343A,0x2F343A,0x2F343A,0x30353B,0x30353B,0x2F343A,0x2F343A,0x2F343A,
    0x2F343A,0x2F343A,0x2F343A,0x2F343A,0x2F343A,0x2F343A,0x2F343A,0x2F343A,
    0x2F343A,0x2F343A,0x2F343A,0x2F343A,0x2F343A,0x2F343A,0x2F343A,0x2F343A,
    0x2F343A,0x2F343A,0x2F343A,0x2F343A,0x30353B,0x30353B,0x2F343A,0x2F343A,
    0x2F343A,0x2F343A,0x2F343A,0x2F343A,0x2F343A,0x2F343A,0x2F343A,0x2F343A,
    0x2F343A,0x2F343A,0x2F343A,0x2F343A,0x2F343A,0x2F343A,0x2F343A,0x2F343A,
    0x2F343A,0x2F343A,0x2F343A,0x2F343A,0x2E3339,0x2E3339,0x2F343A,0x2F343A,
    0x2E3339,0x2D3238,0x2D3238,0x2D3238,0x2D3238,0x2D3238,0x2D3238,0x2D3238,
    0x2D3238,0x2E3339,0x2E3339,0x2E3339,0x2E3339,0x2E3339,0x2E3339,0x2E3339,
    0x2E3339,0x2E3339,0x2E3339,0x2E3339,0x2E3339,0x2E3339,0x2E3339,0x2E3339,
    0x2E3339,0x2E3339,0x2D3238,0x2D3238,0x2E3339,0x2E3339,0x2E3339,0x2E3339,
    0x2E3339,0x2E3339,0x2E3339,0x2E3339,0x2E3339,0x2E3339,0x2E3339,0x2E3339,
    0x2E3339,0x2E3339,0x2E3339,0x2E3339,0x2E3339,0x2E3339,0x2E3339,0x2E3339,
    0x2E3339,0x2E3339,0x2E3339,0x2E3339,0x2D3238,0x2E3339,0x2E3339,0x2E3339,
    0x2E3339,0x2E3339,0x2E3339,0x2E3339,0x2E3439,0x2F343A,0x31363D,0x31363C,
    0x31363C,0x32373D,0x32373D,0x30353B,0x2F343A,0x2E3239,0x2E3339,0x2D3238,
    0x2D3238,0x2E3339,0x2E3339,0x2E3339,0x2E3339,0x2E3339,0x2E3339,0x2D3238,
    0x2D3238,0x2E3339,0x2E3339,0x2E3339,0x2E3339,0x2E3339,0x2E3339,0x2F343A,
    0x2F343A,0x2F343A,0x2E3339,0x2E3339,0x2E3339,0x2E3339,0x2F343A,0x2F343A,
    0x2E3339,0x2E3339,0x2E3339,0x2E3339,0x2E3339,0x2E3339,0x2E3339,0x2E3339,
    0x2E3339,0x2E3339,0x2E3339,0x2E3339,0x2E3339,0x2E3339,0x2E3339,0x2E3339,
    0x2E3339,0x2E3339,0x2E3339,0x2E3339,0x2E3339,0x2E3339,0x2E3339,0x2E3339,
    0x2E3339,0x2E3339,0x2E3339,0x2E3339,0x2D3238,0x2D3238,0x2D3238,0x2D3238,
    0x2C3137,0x2D3238,0x2D3238,0x2D3238,0x2D3238,0x2D3238,0x2D3238,0x2D3238,
    0x2E3339,0x2E3339,0x2E3339,0x2E3339,0x2E3339,0x2E3339,0x2E3339,0x2E3339,
    0x2E3339,0x2E3339,0x2E3339,0x2E3339,0x2E3339,0x2E3339,0x2E3339,0x2E3339,
    0x2E3339,0x2E3339,0x2D3238,0x2D3238,0x2D3238,0x2D3238,0x2E3339,0x2E3339,
    0x2E3339,0x2E3339,0x2E3339,0x2E3339,0x2E3339,0x2E3339,0x2E3339,0x2E3339,
    0x2E3339,0x2D3238,0x2D3339,0x2D3339,0x2D3339,0x2C3339,0x2C3339,0x2E3339,
    0x2E3339,0x2E3339,0x2E3339,0x2E3339,0x2D3238,0x2E3339,0x2E3339,0x2E3339,
    0x2E3339,0x2E3239,0x2D3139,0x2D3239,0x303339,0x2A2F34,0x1E2329,0x1F2429,
    0x262B2D,0x22272B,0x1F232A,0x292D35,0x2E343A,0x2C3337,0x2C3338,0x2D3238,
    0x2D3238,0x2D3239,0x2D3238,0x2E3339,0x2E3339,0x2C3339,0x2C3339,0x2C3238,
    0x2C3238,0x2E3339,0x2E3339,0x2D3238,0x2D3238,0x2E3339,0x2E3339,0x2E3339,
    0x2E3339,0x2E3338,0x2E3337,0x2E3337,0x2D3237,0x2D3237,0x2E3339,0x2E3339,
    0x2E3339,0x2E3339,0x2C3339,0x2C3339,0x2D3339,0x2C3339,0x2D3339,0x2E3339,
    0x2E3339,0x2E3339,0x2E3339,0x2E3339,0x2E3339,0x2D3238,0x2D3238,0x2E3339,
    0x2E3339,0x2D3238,0x2D3238,0x2E3339,0x2E3339,0x2E3339,0x2E3339,0x2D3339,
    0x2D3339,0x2D3339,0x2C3339,0x2D3339,0x2E3339,0x2E3339,0x2D3238,0x2D3238,
    0x2D3238,0x2E3339,0x2E3339,0x2E3339,0x2E3339,0x2E3339,0x2E3339,0x2E3339,
    0x2E3339,0x2E3339,0x2E3339,0x2E3339,0x2E3339,0x2E3339,0x2E3339,0x2E3339,
    0x2E3339,0x2E3339,0x2E3339,0x2E3339,0x2E3339,0x2E3339,0x2E3339,0x2E3339,
    0x2E3339,0x2E3339,0x2E3339,0x2E3339,0x2E3339,0x2E3339,0x2E3339,0x2E3339,
    0x2E3339,0x2E3339,0x2E3339,0x2E3339,0x2E3339,0x2E3339,0x2E3339,0x2E3339,
    0x2E3339,0x2E3339,0x2E3339,0x2D3339,0x2D3339,0x2D3339,0x2D3339,0x2E3339,
    0x2E3339,0x2E3339,0x2E3339,0x2E3339,0x2E3339,0x2E3339,0x2E3339,0x2E3339,
    0x2E3339,0x2E3339,0x31363D,0x30353C,0x22272D,0x313437,0x777978,0xB2B3B0,
    0xBABDB5,0xA2A5A0,0x828583,0x404243,0x1F232A,0x2E333C,0x30353D,0x2E343A,
    0x2E3339,0x2E3339,0x2E3339,0x2E3339,0x2E3339,0x2D3339,0x2D3339,0x2D3339,
    0x2D3339,0x2E3339,0x2E3339,0x2E3339,0x2E3339,0x2E3339,0x2E3339,0x2E3339,
    0x2E3339,0x2E3339,0x2E3338,0x2E3338,0x2E3338,0x2E3338,0x2E3339,0x2E3339,
    0x2E3339,0x2E3339,0x2D3339,0x2D3339,0x2D3339,0x2D3339,0x2E3339,0x2E3339,
    0x2E3339,0x2E3339,0x2E3339,0x2E3339,0x2E3339,0x2E3339,0x2E3339,0x2E3339,
    0x2E3339,0x2E3339,0x2E3339,0x2E3339,0x2E3339,0x2E3339,0x2E3339,0x2E3339,
    0x2D3339,0x2D3339,0x2E3339,0x2E3339,0x2E3339,0x2E3339,0x2D3238,0x2D3238,
    0x2E3339,0x2E3339,0x2E3339,0x2E3339,0x2E3339,0x2E3339,0x2E3339,0x2E3339,
    0x2E3339,0x2E3339,0x2E3339,0x2E3339,0x2E3339,0x2E3339,0x2E3339,0x2E3339,
    0x2E3339,0x2E3339,0x2E3339,0x2E3339,0x2E3339,0x2E3339,0x2E3339,0x2E3339,
    0x2F343A,0x2E3339,0x2E3339,0x2E3339,0x2E3339,0x2E3339,0x2E3339,0x2E3339,
    0x2E3339,0x2E3339,0x2E3339,0x2E3339,0x2E3339,0x2E3339,0x2E3339,0x2E3339,
    0x2E3339,0x2E3339,0x2E3339,0x2F3239,0x2F3239,0x2F3239,0x2F3239,0x2E3339,
    0x2E3339,0x2E3339,0x2E3339,0x2E3339,0x2E3339,0x2E3339,0x2E3339,0x2E323A,
    0x30343C,0x32373C,0x23282B,0x242A2B,0x6C7070,0xD7D8D4,0xFFFFF9,0xFFFFF6,
    0xF5F6E6,0xE8EADB,0xEFF1E3,0xD9DACD,0x7A7C7B,0x2A2B31,0x22262C,0x2F353C,
    0x2F353D,0x2E3339,0x2E3339,0x2E3339,0x2E3339,0x2F3239,0x2F3239,0x2F3239,
    0x2F3239,0x2E3339,0x2E3339,0x2E3339,0x2E3339,0x2E3339,0x2E3339,0x2E3339,
    0x2E3339,0x2E333A,0x2E323B,0x2E323B,0x2E323B,0x2E323B,0x2E3339,0x2E3339,
    0x2E3339,0x2E3339,0x2F3239,0x2F3239,0x2F3239,0x2F3239,0x2E3339,0x2E3339,
    0x2E3339,0x2E3339,0x2E3339,0x2E3339,0x2E3339,0x2E3339,0x2E3339,0x2E3339,
    0x2E3339,0x2E3339,0x2E3339,0x2E3339,0x2E3339,0x2E3339,0x2E3339,0x2F3239,
    0x2F3239,0x2F3239,0x2F3339,0x2F3339,0x2E3339,0x2E3339,0x2E3339,0x2E3339,
    0x2E3339,0x2E3339,0x2E3339,0x2E3339,0x2E3339,0x2E3339,0x2E3339,0x2E3339,
    0x2E3339,0x2E3339,0x2E3339,0x2E3339,0x2E3339,0x2E3339,0x2E3339,0x2E3339,
    0x2E3339,0x2E3339,0x2E3339,0x2E3339,0x2E3339,0x2E3339,0x2E3339,0x2F343A,
    0x2F343A,0x2F343A,0x2E3339,0x2E3339,0x2E3339,0x2E3339,0x2E3339,0x2E3339,
    0x2E3339,0x2E3339,0x2E3339,0x2E3339,0x2E3339,0x2E3339,0x2E3339,0x2E3339,
    0x2E3339,0x2E3339,0x2E3339,0x303239,0x303239,0x303239,0x2F3239,0x2E3339,
    0x2E3339,0x2E3339,0x2E3339,0x2E3339,0x2E3339,0x2D3238,0x2E3339,0x30353C,
    0x292D35,0x23282B,0x525858,0xBFC2BF,0xFFFDF4,0xFDFAEF,0xF3F1E4,0xF5F3E6,
    0xEAE8D9,0xDDDCCB,0xDEDDCB,0xE3E2D0,0xECECDC,0xC1C2B8,0x5E6160,0x232830,
    0x252A34,0x31363C,0x31363D,0x2E3339,0x2E3339,0x303239,0x303239,0x303239,
    0x303239,0x2E3339,0x2E3339,0x2E3339,0x2E3339,0x2E3339,0x2E3339,0x2E3339,
    0x2E3339,0x2E333A,0x2E323C,0x2E323C,0x2E323C,0x2E323B,0x2E3339,0x2E3339,
    0x2E3339,0x2E3339,0x2F3239,0x303239,0x303239,0x303239,0x2E3339,0x2E3339,
    0x2E3339,0x2E3339,0x2E3339,0x2E3339,0x2E3339,0x2E3339,0x2E3339,0x2E3339,
    0x2E3339,0x2E3339,0x2E3339,0x2E3339,0x2E3339,0x2E3339,0x2E3339,0x2F3239,
    0x303239,0x303239,0x303239,0x2F3239,0x2E3339,0x2E3339,0x2E3339,0x2E3339,
    0x2F3239,0x2F3239,0x2F3239,0x2F3239,0x2F323A,0x2F323B,0x2F323B,0x2F323B,
    0x2F323B,0x2F323B,0x2F323B,0x2F323B,0x2F323B,0x2F323B,0x2F323B,0x2F323B,
    0x2F323B,0x2F323B,0x2F323B,0x2F323B,0x2F323B,0x2F333A,0x2F343A,0x2E3339,
    0x2E3339,0x2E3339,0x2E3339,0x2D3238,0x2E3339,0x2E3339,0x2E3339,0x2E3339,
    0x2E3339,0x2E3339,0x2F3239,0x2F3239,0x2F3239,0x2F3239,0x2F3239,0x2F3239,
    0x2F3239,0x2F3239,0x2F3239,0x2F3239,0x2F3239,0x2F3239,0x2F3239,0x2E3339,
    0x2E3339,0x2E3339,0x2E3339,0x2F323B,0x30353C,0x30353B,0x23282E,0x1B2125,
    0x464B4C,0xADAFAE,0xF8F7F4,0xFFFFF8,0xF6F2E7,0xF6F1E6,0xF8F4E9,0xF9F5EA,
    0xEDE9DB,0xE0DDCE,0xE2DFD0,0xE2DFCF,0xE0DFCC,0xECEDDB,0xECEBE1,0xACAAA7,
    0x535456,0x25292E,0x23272D,0x30333A,0x32343D,0x30323B,0x2F323A,0x2F323A,
    0x2F3239,0x2E3339,0x2E3339,0x2E3339,0x2E3339,0x2F3239,0x2F3239,0x2F3239,
    0x2F3239,0x2F3239,0x2F323A,0x2F323A,0x2F323A,0x2F3239,0x2F3239,0x2F3239,
    0x2F3239,0x2F3239,0x2F3239,0x2F3239,0x2F3239,0x2F3239,0x2F323A,0x2F323B,
    0x2F323B,0x2F323B,0x2F323B,0x2F323B,0x2F323B,0x2F323B,0x2F323B,0x2F323B,
    0x2F323B,0x2F323B,0x2F323B,0x2F323B,0x2F323B,0x2F323B,0x2F323B,0x2F323A,
    0x2F3239,0x2F3239,0x2F3239,0x2F323A,0x2F323B,0x2F323B,0x2F323B,0x2F323B,
    0x2F3239,0x2F3239,0x2F3239,0x2F3239,0x2F323A,0x2F323B,0x2F323B,0x2F323B,
    0x2F323B,0x2F323B,0x2F323B,0x2F323B,0x2F323B,0x2F323B,0x2F323B,0x2F323B,
    0x2F323B,0x2F323B,0x2F323B,0x2F323B,0x2F323B,0x2F333A,0x2F343A,0x2F343A,
    0x2F343A,0x2F343A,0x2E3339,0x2D3238,0x2E3339,0x2E3339,0x2E3339,0x2E3339,
    0x2E3339,0x2E3339,0x2F3239,0x2F3239,0x2F3239,0x2F3239,0x2F3239,0x2F3239,
    0x2F3239,0x2F3239,0x2F3239,0x2F3239,0x2F3239,0x2F3239,0x2F3239,0x2E3339,
    0x2E3339,0x2E3339,0x30353B,0x30343D,0x282B34,0x202429,0x494C51,0xA7A8A6,
    0xF1F0E9,0xFFFFF8,0xF8F1E7,0xF6F0E4,0xF7F3E8,0xF7F3E8,0xF8F4E9,0xF9F5EA,
    0xEDE9DB,0xE0DDCE,0xE2DFD0,0xE3E0D1,0xE2E1D0,0xDFDECC,0xE0DECD,0xEDECD9,
    0xE7E4D8,0xAEADA8,0x565857,0x25292D,0x262B32,0x30323D,0x31333F,0x2F313E,
    0x2F313D,0x2E333A,0x2E3339,0x2E3339,0x2E3339,0x2F3239,0x2F3239,0x2F3239,
    0x2F3239,0x2F3239,0x2F3239,0x2F3239,0x2F3239,0x2F3239,0x2F3239,0x2F3239,
    0x2F3239,0x2F3239,0x2F3239,0x2F3239,0x2F3239,0x2F3239,0x2F323A,0x2F323B,
    0x2F323B,0x2F323B,0x2F323B,0x2F323B,0x2F323B,0x2F323B,0x2F323B,0x2F323B,
    0x2F323B,0x2F323B,0x2F323B,0x2F323B,0x2F323B,0x2F323B,0x2F323B,0x2F323A,
    0x2F3239,0x2F3239,0x2F3239,0x2F323A,0x2F323B,0x2F323B,0x2F323B,0x2F323B,
    0x2D3037,0x2D3037,0x2D3037,0x2D3037,0x2D3038,0x2D3039,0x2D3039,0x2D3039,
    0x2D3039,0x2D3039,0x2D3039,0x2D3039,0x2D3039,0x2D3039,0x2D3039,0x2D3039,
    0x2D3039,0x2D3039,0x2D3039,0x2E313A,0x2E313A,0x2D3239,0x2D3238,0x2D3238,
    0x2D3238,0x2D3238,0x2D3238,0x2D3238,0x2D3238,0x2D3238,0x2D3238,0x2D3238,
    0x2C3237,0x2C3237,0x2D3037,0x2D3037,0x2D3037,0x2D3037,0x2D3037,0x2D3037,
    0x2D3037,0x2D3037,0x2D3037,0x2E3138,0x2F3239,0x2E3138,0x2F3238,0x2F353A,
    0x32373D,0x2E3339,0x21262D,0x22282C,0x484D4E,0xA2A5A1,0xF0F0E9,0xFFFFF7,
    0xF9F5E9,0xF4F0E5,0xF7F3E7,0xF7F3E8,0xF7F3E8,0xF7F3E8,0xF7F3E8,0xF8F4E9,
    0xECE9DB,0xE1DECF,0xE2DFD0,0xE3E0D1,0xE4E0D1,0xE4E0CF,0xE4E0CF,0xE1DDCA,
    0xE2DECD,0xECE9DB,0xE5E4DA,0xA8A8A2,0x4E514F,0x282C30,0x23272D,0x2D303A,
    0x323541,0x30353C,0x2F3439,0x2E3338,0x2D3338,0x2E3138,0x2E3138,0x2D3137,
    0x2D3137,0x2D3137,0x2E3138,0x2E3138,0x2D3037,0x2D3037,0x2D3037,0x2D3037,
    0x2D3037,0x2D3037,0x2D3037,0x2D3037,0x2D3037,0x2D3037,0x2D3038,0x2D303A,
    0x2D303A,0x2D303A,0x2D303A,0x2D303A,0x2D303A,0x2D303A,0x2D303A,0x2D303A,
    0x2D303A,0x2D303A,0x2D303A,0x2D3039,0x2D3039,0x2D3039,0x2D3039,0x2D3038,
    0x2D3037,0x2E3137,0x2F3138,0x2F3239,0x2E313A,0x2E313A,0x2E323A,0x2E323A,
    0x2E3138,0x2E3138,0x2E3138,0x2E3138,0x2E3139,0x2E313A,0x2E313A,0x2E313A,
    0x2E313A,0x2E313A,0x2E313A,0x2E313A,0x2E313A,0x2E313A,0x2E313A,0x2E313A,
    0x2E313A,0x2E313A,0x2E313A,0x2E313A,0x2E313A,0x2D3239,0x2D3239,0x2D3239,
    0x2D3239,0x2D3239,0x2D3239,0x2D3239,0x2D3239,0x2D3239,0x2D3238,0x2D3238,
    0x2D3138,0x2D3138,0x2E3138,0x2E3138,0x2E3138,0x2E3138,0x2D3037,0x2D3037,
    0x2D3138,0x2E3139,0x2E3137,0x2E3136,0x2F3339,0x2F333A,0x2E313A,0x282C33,
    0x1F2228,0x2A2D31,0x65686B,0xB6BAB7,0xF3F4EC,0xFFFFF9,0xF7F5E7,0xF4F0E3,
    0xF6F3E7,0xF6F4E9,0xF5F3E9,0xF6F3E9,0xF6F4E7,0xF7F3E8,0xF7F3E8,0xF9F4EA,
    0xECE8DB,0xE1DDD0,0xE2DFD1,0xE3E0D2,0xE4DFD0,0xE4DFD0,0xE4DFD2,0xE4DFD2,
    0xE2DFD1,0xDFDDCD,0xE1DED0,0xF0EDDE,0xE9E7DA,0xB8B9B2,0x6E706D,0x323437,
    0x21242B,0x262C33,0x2E343B,0x2F333B,0x2E323A,0x2D3139,0x2E3138,0x2E3037,
    0x2F3038,0x2E3038,0x2E3138,0x2E3138,0x2E3138,0x2E3138,0x2D3138,0x2D3138,
    0x2D3138,0x2D3138,0x2E3138,0x2E3138,0x2E3138,0x2E3138,0x2E3138,0x2E3139,
    0x2E3139,0x2E3139,0x2E3139,0x2E3139,0x2E3139,0x2E3139,0x2E3139,0x2E3139,
    0x2E3139,0x2E3139,0x2E3139,0x2E313A,0x2E313A,0x2E313A,0x2E313A,0x2E3139,
    0x2E3138,0x2E3138,0x2E3138,0x2E3139,0x2E313A,0x2E313A,0x2E313A,0x2E313A,
    0x2E313A,0x2E313A,0x2E313A,0x2E313A,0x2E313A,0x2E313A,0x2E313A,0x2E313A,
    0x2E313A,0x2E313A,0x2E313A,0x2E313A,0x2E313A,0x2E313A,0x2E313A,0x2E313A,
    0x2E313A,0x2E313A,0x2E313A,0x2E313A,0x2E313A,0x2E313A,0x2E313A,0x2E313A,
    0x2E313A,0x2E313A,0x2E313A,0x2E313A,0x2E313A,0x2E313A,0x2E3138,0x2E3138,
    0x2E3138,0x2E3138,0x2E3138,0x2E3138,0x2E3138,0x2E3138,0x2D3037,0x2D3037,
    0x2D3038,0x2F323B,0x31343B,0x31353A,0x2E3338,0x21252C,0x20252B,0x3C3E40,
    0x7E7F7E,0xCECEC9,0xFEFDF6,0xFFFFF6,0xF9F4E9,0xF5F1E6,0xF7F3E8,0xF7F3E8,
    0xF7F3E8,0xF7F3E8,0xF7F3E8,0xF6F4E8,0xF4F4E8,0xF6F4E8,0xF7F1E7,0xF8F1E7,
    0xF0EBDF,0xDFDCCF,0xE1DED0,0xE2E0D0,0xE3E0D1,0xE3E0D1,0xE3E0D1,0xE3E0D1,
    0xE3E0D1,0xE2DFD0,0xE2DFD0,0xE1DECF,0xE3DFD0,0xEEE7DA,0xECE9DD,0xC8C8BF,
    0x82857F,0x45494A,0x25292D,0x20252C,0x2B303A,0x303540,0x30333F,0x30313B,
    0x313038,0x303038,0x2E3138,0x2E3138,0x2E3138,0x2E3138,0x2D3238,0x2D3238,
    0x2D3238,0x2D3238,0x2E3138,0x2E3138,0x2E3138,0x2E3138,0x2E3138,0x2E3138,
    0x2E3138,0x2E3138,0x2E3138,0x2E3138,0x2E3138,0x2E3138,0x2E3138,0x2E3138,
    0x2E3138,0x2E3138,0x2E3138,0x2E313A,0x2E313A,0x2E313A,0x2E313A,0x2E313A,
    0x2E313A,0x2E313A,0x2E313A,0x2E313A,0x2E313A,0x2E313A,0x2E313A,0x2E313A,
    0x2E313A,0x2E313A,0x2E313A,0x2E313A,0x2E313A,0x2E313A,0x2E313A,0x2E313A,
    0x2E313A,0x2E313A,0x2E313A,0x2E313A,0x2E313A,0x2E313A,0x2E313A,0x2E313A,
    0x2E313A,0x2E313A,0x2E313A,0x2E313A,0x2E313A,0x2E313A,0x2E313A,0x2E313A,
    0x2E313A,0x2E313A,0x2E313A,0x2E313A,0x2E313A,0x2E313A,0x2E3239,0x2E3239,
    0x2E3239,0x2E3139,0x2E3138,0x2E3138,0x2E3138,0x2E3138,0x2F323A,0x31343B,
    0x32353B,0x2C2F33,0x23252B,0x1F2129,0x2F3135,0x636664,0xB3B6B1,0xEBECE5,
    0xFFFFFA,0xFFFDF2,0xF5F2E6,0xF5F1E6,0xF7F3E8,0xF7F3E8,0xF7F3E8,0xF7F3E8,
    0xF7F3E8,0xF7F3E8,0xF7F3E8,0xF7F3E9,0xF5F2EB,0xF2F0E7,0xF9F8ED,0xFFFFF4,
    0xDCDED2,0xE7E7D9,0xE8E7D7,0xE0DDCA,0xE2DFCF,0xE3E0D1,0xE3E0D1,0xE3E0D1,
    0xE3E0D1,0xE3E0D0,0xE3E0D1,0xE3E0D1,0xE3DFD0,0xE2DCCE,0xDFDCCD,0xE7E7D5,
    0xEEEEDB,0xE2DDD1,0xB2AFA8,0x696B69,0x313638,0x20232B,0x242631,0x2A2E37,
    0x31333B,0x31333A,0x2F3238,0x2E3138,0x2E3138,0x2E3138,0x2D3238,0x2D3238,
    0x2D3238,0x2D3238,0x2E3138,0x2E3138,0x2E3138,0x2E3138,0x2E3138,0x2E3138,
    0x2E3138,0x2E3138,0x2E3138,0x2E3138,0x2E3138,0x2E3138,0x2E3138,0x2E3138,
    0x2E3138,0x2E3138,0x2E3138,0x2E313A,0x2E313A,0x2E313A,0x2E313A,0x2E313A,
    0x2E313A,0x2E313A,0x2E313A,0x2E313A,0x2E313A,0x2E313A,0x2E313A,0x2E313A,
    0x2E313A,0x2E313A,0x2E313A,0x2E313A,0x2E313A,0x2E313A,0x2E313A,0x2E313A,
    0x2E313A,0x2E313A,0x2E313A,0x2E313A,0x2E313A,0x2E313A,0x2E313A,0x2E313A,
    0x2E313A,0x2E313A,0x2E313A,0x2E313A,0x2E313A,0x2E313A,0x2E313A,0x2E313A,
    0x2E313A,0x2E313A,0x2E313A,0x2E313A,0x2E313B,0x2E313A,0x2F3239,0x2F3239,
    0x2F3239,0x2F3239,0x30333A,0x32353C,0x33363D,0x32353C,0x2C2F38,0x23262F,
    0x23262A,0x2F3435,0x5D605F,0x979994,0xD5D8D0,0xFBFDF2,0xFDFFF2,0xF9F6ED,
    0xF5F0E8,0xF8F1E9,0xFBF2EB,0xF8F4EA,0xF8F4E9,0xF7F3E8,0xF7F3E8,0xF7F3E8,
    0xF7F3E8,0xF7F3E8,0xF6F2E7,0xF3F0E4,0xF7F5E7,0xFFFFF7,0xE7E8E3,0x888986,
    0x363A38,0x70726D,0xCDCCC2,0xEFEBDE,0xE8E4D5,0xDFDCCD,0xE2DED0,0xE3E0D1,
    0xE3E0D1,0xE3E0D1,0xE3E0D1,0xE3E0D1,0xE3E0D1,0xE3E0D0,0xE4E0D0,0xE2DDCE,
    0xE0DBCC,0xE3DFCE,0xEBE8D8,0xECE9DC,0xCECBC1,0x96968E,0x636561,0x34383A,
    0x242831,0x222630,0x2B2D35,0x30333A,0x33363D,0x32353D,0x30353A,0x2F343A,
    0x2F343A,0x2F3339,0x2E3138,0x2E3138,0x2E3138,0x2E3138,0x2E3138,0x2E3138,
    0x2E3138,0x2E3138,0x2E3138,0x2E3138,0x2E3138,0x2E3138,0x2E3138,0x2E3138,
    0x2E3138,0x2E3138,0x2E3138,0x2E313A,0x2E313A,0x2E313A,0x2E313A,0x2E313A,
    0x2E313A,0x2E313A,0x2E313A,0x2E313A,0x2E313A,0x2E313A,0x2E313A,0x2E313A,
    0x2E313A,0x2E313A,0x2E313A,0x2E313A,0x2E3139,0x2E3139,0x2E3139,0x2E3139,
    0x2E3139,0x2D313A,0x2D313A,0x2D313A,0x2D313A,0x2D3239,0x2D3239,0x2D3239,
    0x2D3239,0x2D3239,0x2D3239,0x2D3239,0x2E3239,0x2E323B,0x2E323C,0x2D313B,
    0x2D313B,0x2D313A,0x2D3239,0x2D3239,0x2E3338,0x2F3338,0x2F343A,0x2F343A,
    0x31353C,0x2F333C,0x2C3037,0x22252C,0x1D1F25,0x202127,0x38383C,0x676769,
    0xA0A09E,0xD8D9D3,0xFDFDF4,0xFFFFF8,0xFFFEF2,0xF6F4E8,0xF3F1E5,0xF7F3E9,
    0xF8F4EA,0xF9F4EA,0xF9F3EA,0xF9F2E9,0xF9F2E8,0xF8F2E8,0xF8F2E8,0xF8F3E7,
    0xF6F2E5,0xF3F0E3,0xFBFAED,0xFFFFF8,0xEFEEE6,0x9B9B97,0x3E4141,0x23272B,
    0x2A2C32,0x202226,0x333533,0x80817B,0xD1D0C6,0xF0EFDF,0xEBE8D7,0xE0DCCE,
    0xE2DDD1,0xE3E0D3,0xE3E0D2,0xE3E0D0,0xE3E0D0,0xE3E0D0,0xE3E0D1,0xE3DFD1,
    0xE3DFD1,0xE1DECE,0xE0DDCC,0xE1DECD,0xEBE6D5,0xF0EEDC,0xEBEADA,0xD0CEC5,
    0xA09E9C,0x6A6B6A,0x3D4140,0x252A2B,0x1C2125,0x1F252A,0x282D35,0x2E333A,
    0x30353A,0x30353A,0x2E333A,0x2E3239,0x2D3237,0x2D3237,0x2E3137,0x2E3137,
    0x2E3137,0x2E3137,0x2E3138,0x2E3138,0x2E3138,0x2E3138,0x2E3138,0x2D3139,
    0x2D3139,0x2D3139,0x2D3139,0x2D3239,0x2D3239,0x2D3239,0x2D3239,0x2D3239,
    0x2D3239,0x2D3239,0x2D3239,0x2D3239,0x2D3239,0x2D3239,0x2D3239,0x2D3239,
    0x2E313A,0x2E313A,0x2E313A,0x2E313A,0x2E3139,0x2E3138,0x2E3138,0x2E3138,
    0x2E3139,0x2D313A,0x2D313A,0x2D313A,0x2D313A,0x2D3238,0x2D3238,0x2D3238,
    0x2D3238,0x2F3439,0x2F3439,0x2E3338,0x2E3339,0x2E333B,0x2E323B,0x2D313A,
    0x2E323B,0x2E333C,0x30323E,0x31343D,0x32353C,0x303339,0x2C2E36,0x272930,
    0x20232A,0x24262E,0x343738,0x535554,0x80807E,0xB6B5B1,0xE3E2DD,0xFDFCF3,
    0xFFFFF7,0xFBFBEC,0xF5F3E6,0xF5F0E5,0xF6F2E7,0xF7F3E8,0xF7F3E8,0xF8F4E9,
    0xF8F4E9,0xF8F4E9,0xF8F4E9,0xF7F3E8,0xF7F3E8,0xF7F3E8,0xF6F1E6,0xF4F1E3,
    0xF8F7E8,0xFFFFF6,0xEAEAE5,0x979796,0x49494B,0x292A2E,0x303339,0x383B44,
    0x333540,0x32353D,0x2C3035,0x212628,0x393A3A,0x83837D,0xD5D4C7,0xEEECDE,
    0xE6E3D4,0xE0DDCA,0xE1DECD,0xE3E0CF,0xE3E0D0,0xE3E0D1,0xE3E0D1,0xE2DFD0,
    0xE2DFD0,0xE2DFCE,0xE2DFCE,0xE2DFCE,0xE1DECD,0xDFDCCB,0xDFDCCB,0xE5E1D3,
    0xECE8DD,0xEAE8DD,0xD8D7CC,0xB6B7AE,0x888A84,0x5A5C59,0x3A3E3E,0x26292D,
    0x22252A,0x252730,0x292C37,0x2D303C,0x30333E,0x31333F,0x30333D,0x30333B,
    0x2F323B,0x2E313A,0x2E3139,0x2E3138,0x2E3138,0x2E3138,0x2E3138,0x2D313A,
    0x2D313A,0x2D313A,0x2D313A,0x2D3238,0x2D3238,0x2D3238,0x2D3238,0x2D3238,
    0x2D3238,0x2D3238,0x2D3238,0x2D3238,0x2D3238,0x2D3238,0x2D3238,0x2D3238,
    0x2E313A,0x2E313A,0x2E313A,0x2E313A,0x2E3139,0x2E3138,0x2E3138,0x2E3138,
    0x2D3138,0x2D313A,0x2D313A,0x2D313A,0x2D313A,0x2D3238,0x2D3238,0x2D3238,
    0x2D3238,0x2E3339,0x30353B,0x30363C,0x30353C,0x30353B,0x30353B,0x2E3239,
    0x282D33,0x23272E,0x212129,0x202128,0x202126,0x2B2B30,0x3E3C41,0x5D5C5E,
    0x848484,0xAFAFAC,0xD9D9D2,0xF8F7EE,0xFFFFF7,0xFFFFF5,0xFCF9ED,0xF5F3E6,
    0xF4F2E5,0xF5F3E5,0xF7F5E8,0xF8F4E9,0xF8F4E9,0xF8F4E9,0xF8F4E9,0xF7F3E8,
    0xF7F3E8,0xF8F3E9,0xF8F3E9,0xF5F2E7,0xF2F0E4,0xF3F1E4,0xFFFDF0,0xFFFFF8,
    0xE7E8E0,0x9A9C98,0x424547,0x22262B,0x2D3238,0x383B42,0x353840,0x35373F,
    0x31353C,0x2E3338,0x2E3338,0x30353A,0x2C3035,0x23242A,0x393A3C,0x83847F,
    0xD2D1C4,0xF1EEDD,0xEBE8D8,0xE1DECD,0xE0DDCC,0xE2DECE,0xE2DFCE,0xE2DFCE,
    0xE2DFCE,0xE2DFCE,0xE2DFCE,0xE2DFCE,0xE2DFCE,0xE2DFCE,0xE2DFCE,0xE2DFCF,
    0xE0DDCF,0xE2DDCF,0xE8E2D2,0xEDEADA,0xF1EFDF,0xEAE9DA,0xD2D3C7,0xAEAFA6,
    0x868682,0x5F5F5E,0x414242,0x2E2F32,0x232429,0x202029,0x20232C,0x252931,
    0x292C34,0x2E3139,0x30333B,0x31343B,0x31343B,0x30333A,0x30333A,0x2E323B,
    0x2E323A,0x2E323B,0x2D313B,0x2D3238,0x2D3238,0x2D3238,0x2D3238,0x2D3238,
    0x2D3238,0x2D3238,0x2D3238,0x2D3238,0x2D3238,0x2D3238,0x2D3238,0x2D3238,
    0x2D3039,0x2D3039,0x2D3039,0x2D3039,0x2D3038,0x2D3037,0x2D3037,0x2D3037,
    0x2D3038,0x2C3039,0x2C3039,0x2C3039,0x2C3039,0x2D3238,0x2D3238,0x2D3238,
    0x2F343A,0x2C3137,0x23272D,0x1F2328,0x1F2328,0x1F2327,0x25292C,0x2D3135,
    0x3B3F43,0x515456,0x6E6F6E,0x8D8E8C,0xACAEA9,0xCFD0CB,0xEAE7E3,0xFDFBF4,
    0xFFFFF8,0xFFFFF3,0xFBF9EE,0xF6F2E9,0xF4F0E4,0xF7F1E5,0xF7F3E8,0xF8F4EA,
    0xF8F4EA,0xF8F4EB,0xF8F4EA,0xF8F4E9,0xF8F4E9,0xF8F4E9,0xF8F4E9,0xF7F3E9,
    0xF7F3E9,0xF5F1E6,0xF3F0E4,0xF6F5E9,0xFFFEF2,0xFEFDF2,0xD4D4C9,0x81817E,
    0x404245,0x222528,0x2F3337,0x363D41,0x333B3F,0x33383C,0x34373C,0x36383C,
    0x2F3737,0x2D3435,0x2D3536,0x2D3436,0x2E3538,0x32363F,0x2C2F3A,0x1F2127,
    0x383638,0x777371,0xC2BFB7,0xEAE8D8,0xEBEAD7,0xE4E1CD,0xE0DDCA,0xE1DECB,
    0xE2DFCC,0xE2DFCE,0xE2DFCE,0xE2DFCF,0xE2DFCF,0xE2DFCF,0xE2DFCE,0xE3E0CF,
    0xE3E0CF,0xE3E0CF,0xE2DFD0,0xE0DECD,0xDEDECB,0xDFE0CD,0xE4E3D1,0xEAE9D7,
    0xEFEEDC,0xEBEBD8,0xDDDFCD,0xC8CABC,0xA9AA9F,0x8D8F86,0x6D6F6C,0x545757,
    0x404344,0x313435,0x26292C,0x21242B,0x20232A,0x22252B,0x24282E,0x2B2F37,
    0x2F333C,0x2D313A,0x2D3139,0x2C3137,0x2C3137,0x2C3137,0x2C3137,0x2C3137,
    0x2C3138,0x2C3138,0x2C3138,0x2C3137,0x2C3137,0x2C3137,0x2C3137,0x2C3137,
    0x2D3039,0x2D3039,0x2D3039,0x2E313A,0x2D3239,0x2D3238,0x2D3238,0x2D3238,
    0x2D3238,0x2D3238,0x2D3238,0x2D3238,0x2D3237,0x2E3137,0x2D313B,0x2E3239,
    0x23292B,0x2E3133,0x5C5D5F,0x828381,0x92928C,0xA5A4A0,0xBEBDBA,0xD2D1CD,
    0xE5E5DF,0xF6F6EC,0xFFFEF2,0xFFFFF7,0xFFFFF6,0xFFFEF2,0xFBF7EC,0xF8F4E9,
    0xF5F1E6,0xF5F1E6,0xF5F3E7,0xF6F4E8,0xF7F5E9,0xF7F5E9,0xF7F5E9,0xF7F5E9,
    0xF7F5E9,0xF7F5E9,0xF7F5E9,0xF6F4E8,0xF6F4E8,0xF6F4E7,0xF5F3E7,0xF5F1E8,
    0xF4F0E7,0xFDFBF1,0xFFFFFA,0xF0F1E9,0xBBBDB7,0x6A6E6B,0x2F3334,0x25282D,
    0x32343B,0x363840,0x373940,0x34373E,0x34383E,0x34383E,0x34373E,0x35383F,
    0x32353B,0x2F3239,0x2F3238,0x2F3238,0x2F3239,0x2F3239,0x2F323A,0x2F333A,
    0x2C2D35,0x222328,0x2C2D2D,0x5E605A,0xA7A99F,0xDADBCB,0xF1F0DF,0xEAE8D5,
    0xE0DDC9,0xE1DCCB,0xE3DDCE,0xE4DFD0,0xE3E0D1,0xE3E0D0,0xE3E0CF,0xE3E0CF,
    0xE3E0CF,0xE3E0CF,0xE3E0CF,0xE3E0CF,0xE3E0CF,0xE3E0CF,0xE2DFCE,0xE1DECD,
    0xE1DECD,0xE3DFCE,0xE5E0D0,0xEBE5D5,0xEFEAD9,0xF1EBDB,0xEDE8D8,0xE5E2D2,
    0xD9D5CA,0xC8C3BC,0xB2AFAA,0x9B9C97,0x868784,0x747472,0x595959,0x383A3B,
    0x292B31,0x2F3239,0x2E3335,0x2C3135,0x2C3137,0x2C3137,0x2C3137,0x2C3038,
    0x2C303A,0x2C303A,0x2B2F39,0x2B3038,0x2C3137,0x2C3137,0x2C3137,0x2C3137,
    0x2D3039,0x2D3039,0x2D3039,0x2E313A,0x2D3239,0x2D3238,0x2D3238,0x2D3238,
    0x2D3238,0x2D3238,0x2D3238,0x2D3238,0x2C3237,0x2D3238,0x30333C,0x212429,
    0x646664,0xDADBD8,0xFDFDF6,0xFFFFFC,0xFFFFF8,0xFFFFF8,0xFFFEF5,0xFCFBEF,
    0xF8F7EA,0xF5F4E7,0xF4F1E5,0xF3F1E5,0xF3F0E5,0xF4F1E6,0xF6F2E7,0xF7F3E8,
    0xF7F3E8,0xF7F3E8,0xF6F4E8,0xF6F4E8,0xF7F5E9,0xF7F5E9,0xF7F5E9,0xF7F5E9,
    0xF7F5E9,0xF7F5E9,0xF7F5E9,0xF5F3E7,0xF3F1E6,0xF3F1E8,0xFAF7ED,0xFFFFF3,
    0xFCFCF1,0xD5D6D0,0x8D8E8C,0x464849,0x292B2F,0x23282D,0x32373E,0x373B43,
    0x35383F,0x35383F,0x34383F,0x34383F,0x33383E,0x33383E,0x32383E,0x33393F,
    0x31343B,0x2C2F36,0x2D3038,0x2D3038,0x2D3037,0x2D3037,0x2E3138,0x2F3239,
    0x2F3238,0x323439,0x303138,0x22232B,0x24252C,0x3F4140,0x7B7C77,0xC0C0B4,
    0xE6E6D5,0xEDEBDC,0xE5E4D3,0xE1DECD,0xE2DDCB,0xE2DECD,0xE3E0CF,0xE3E0CF,
    0xE3E0CF,0xE3E0CF,0xE3E0CF,0xE3E0CF,0xE3E0CF,0xE3E0CF,0xE3E0CF,0xE3E0CF,
    0xE2DFCE,0xE1DECD,0xE2DDCD,0xE2DCCC,0xE1DBCB,0xE0DACA,0xE0DCC9,0xE0DEC9,
    0xE3DFCE,0xE7E4D4,0xEAE7D7,0xEFEBD9,0xF0EDDC,0xF2EDDF,0xEBE7DA,0xD5D5C9,
    0x6F706B,0x24272A,0x2D313A,0x2C3138,0x2C3137,0x2C3137,0x2C3137,0x2C3138,
    0x2C3038,0x2C3139,0x2D3139,0x2D3139,0x2C3137,0x2C3137,0x2C3137,0x2C3137,
    0x2D3039,0x2D3039,0x2E313A,0x2E313A,0x2D3239,0x2D3238,0x2D3238,0x2D3238,
    0x2D3238,0x2D3238,0x2D3238,0x2D3238,0x2D3238,0x2E3339,0x262831,0x4E4D50,
    0xF3F2EE,0xFFFCF4,0xF5F1E8,0xF6F0E6,0xF7EFE6,0xF4F0E8,0xF4F0E9,0xF5F2E8,
    0xF6F3E7,0xF7F3E7,0xF8F3E8,0xF8F3E8,0xF9F4E9,0xF9F4E9,0xF8F4E9,0xF8F4E9,
    0xF8F4E9,0xF8F4E9,0xF7F5E9,0xF7F5E9,0xF6F4E8,0xF6F4E8,0xF6F4E8,0xF5F3E7,
    0xF4F2E6,0xF3F0E4,0xF4F2E5,0xFAF8EB,0xFFFEF4,0xFFFEF9,0xE6E2DF,0xAFAFAF,
    0x6A6C6D,0x313537,0x24292C,0x2E3237,0x353A3F,0x333B3F,0x30393D,0x31393E,
    0x32383E,0x32383E,0x32383E,0x31383E,0x30383E,0x30383E,0x30383E,0x31393F,
    0x31343B,0x2D3037,0x2E3138,0x2E3138,0x2E3138,0x2E3138,0x2E3138,0x2E3138,
    0x2E3138,0x2D3138,0x2E3239,0x2F333B,0x2F333C,0x292D35,0x21242A,0x2E3031,
    0x5D5D5C,0x9B9D96,0xD0D1C7,0xECE9DD,0xF0EADB,0xE8E4D2,0xE0DECC,0xDFDBCA,
    0xE0DDCC,0xE1DECD,0xE2DFCE,0xE2DFCE,0xE2DFCE,0xE2DFCE,0xE2DFCE,0xE2DFCE,
    0xE2DFCE,0xE2DFCE,0xE4DECE,0xE4DECE,0xE4DECE,0xE4DECE,0xE3DFCE,0xE2DFCF,
    0xE1DECE,0xE1DECD,0xE0DDCB,0xE0DECA,0xDFDDCB,0xE0DDCD,0xE0DDCE,0xE8E4D3,
    0xE7E6D8,0x555854,0x1F242B,0x2C3138,0x2D3238,0x2C3237,0x2C3237,0x2D3237,
    0x2D3237,0x2D3237,0x2D3237,0x2D3237,0x2D3238,0x2D3238,0x2D3238,0x2D3238,
    0x2D3038,0x2D3038,0x2E3139,0x2E3139,0x2D3239,0x2D3138,0x2D3138,0x2D3138,
    0x2D3138,0x2D3138,0x2D3138,0x2D3138,0x2D3138,0x2C3038,0x222228,0xB5B3B2,
    0xFFFFF9,0xF2EEE5,0xF8F3EB,0xF8F3EB,0xF9F2EB,0xF8F2EB,0xF7F2EB,0xF7F3EA,
    0xF7F3E9,0xF8F3E8,0xF9F2E8,0xF9F2E8,0xFAF2E8,0xFAF2E9,0xF8F3E9,0xF8F3E9,
    0xF8F3E9,0xF8F3E9,0xF7F4E9,0xF7F4E9,0xF6F2E7,0xF4F0E5,0xF2F1E5,0xF6F6E9,
    0xFFFFF3,0xFFFFF9,0xFFFFF5,0xE3E4DB,0xB1B2AC,0x717171,0x3B3B3F,0x262730,
    0x272A32,0x2F333A,0x363A40,0x34393F,0x33383D,0x32393C,0x32393C,0x32383D,
    0x33373E,0x32383E,0x33373E,0x32383D,0x31393D,0x31383D,0x31383D,0x32393D,
    0x30343B,0x2D3137,0x2E3238,0x2E3238,0x2E3238,0x2E3238,0x2E3238,0x2E3238,
    0x2E3239,0x2D3238,0x2D3238,0x2C3136,0x2C3236,0x2E333A,0x31363D,0x2C3038,
    0x24272E,0x212526,0x333535,0x626361,0x9C9B98,0xCCCBC3,0xE8E6DB,0xF1EEE0,
    0xECEAD9,0xE6E3D1,0xE0DECB,0xE0DDCC,0xE2DDCD,0xE3DECF,0xE3DFCF,0xE3DFCF,
    0xE3DFCF,0xE3DFD0,0xE3DFCF,0xE3DECF,0xE3DECF,0xE3DECF,0xE3DFD0,0xE2DFD0,
    0xE2DFCF,0xE2DFCF,0xE2DFCF,0xE1E0D1,0xE1E0D2,0xE0DFD1,0xE1DFD2,0xDFDACB,
    0xEDEAD8,0xB7B8AD,0x212528,0x282D33,0x2E3238,0x2D3137,0x2D3138,0x2E3237,
    0x2E3237,0x2E3237,0x2D3136,0x2D3137,0x2D3138,0x2D3138,0x2D3138,0x2D3138,
    0x2E3138,0x2E3138,0x2E3138,0x2E3138,0x2E3138,0x2E3138,0x2E3138,0x2E3138,
    0x2E3138,0x2E3138,0x2E3138,0x2E3138,0x2E3139,0x2A2C36,0x353538,0xDBDAD5,
    0xFDFAF0,0xF6F2E8,0xF7F3EA,0xF7F3EA,0xF7F3EA,0xF7F3E9,0xF7F3E8,0xF7F3E8,
    0xF7F3E8,0xF7F3E8,0xF8F3E8,0xF8F3E8,0xF8F2E8,0xF8F2E8,0xF6F3E7,0xF5F2E6,
    0xF4F1E5,0xF3F0E4,0xF3F1E5,0xF6F3E8,0xFCF9EE,0xFFFFF3,0xFFFFF4,0xF0F2E9,
    0xCDCECA,0x9D9D9E,0x6A6C6D,0x3F4445,0x292C31,0x262A31,0x31343E,0x363940,
    0x363940,0x34383E,0x34373E,0x33383E,0x33383E,0x33383E,0x33383E,0x34373E,
    0x34373E,0x34373E,0x34373E,0x34373D,0x33383D,0x33383D,0x33383D,0x33383D,
    0x30353B,0x2D3238,0x2E3339,0x2D3238,0x2D3238,0x2D3238,0x2D3238,0x2D3238,
    0x2D3238,0x2D3238,0x2E3339,0x2E3339,0x2E3339,0x2E3339,0x2E3339,0x2E3339,
    0x30353B,0x30353A,0x2C3135,0x242A2E,0x22282C,0x33363A,0x5C5C5E,0x8E8E8A,
    0xBBB9B1,0xDEDCD0,0xEAE9DA,0xEDEBDA,0xE9E6D4,0xE4DFCD,0xE0DCCB,0xDFDBCB,
    0xE0DCCC,0xE1DDCD,0xE1DECF,0xE2DFD0,0xE2DFD0,0xE2DFD0,0xE2DFCF,0xE2DFCE,
    0xE2DFCE,0xE2DFCE,0xE2DFCF,0xE3E0D1,0xE3E0D1,0xE2DFD0,0xE2DFD0,0xE1DECE,
    0xE8E3D0,0xD5D2C7,0x353639,0x25282F,0x2E3138,0x2D3036,0x2D3037,0x2D3038,
    0x2E3138,0x2D3037,0x2D3037,0x2D3038,0x2D3039,0x2D3039,0x2D3039,0x2D3039,
    0x2E3138,0x2E3138,0x2E3138,0x2E3138,0x2E3138,0x2E3138,0x2D3037,0x2D3037,
    0x2D3037,0x2D3037,0x2D3037,0x2D3037,0x2E3139,0x282A34,0x3C3C40,0xE4E3DF,
    0xFBF8EE,0xF6F2E9,0xF7F3EA,0xF7F3EA,0xF7F3EA,0xF7F3E9,0xF7F3E8,0xF7F3E8,
    0xF7F3E8,0xF6F2E7,0xF4F2E6,0xF4F1E5,0xF3F1E5,0xF4F1E5,0xF6F4E7,0xFAF8EB,
    0xFFFEF1,0xFFFFF5,0xFFFFF7,0xF5F6ED,0xD9D9D3,0xAEAEAA,0x7A7C7A,0x4C4E50,
    0x2A2B31,0x20212B,0x23242F,0x2E3139,0x363942,0x373944,0x353742,0x34373E,
    0x34373E,0x34373E,0x34373E,0x33383E,0x33383E,0x33383E,0x33383E,0x34373E,
    0x34373E,0x34373E,0x34373E,0x34373F,0x33373F,0x33373F,0x33373F,0x32373F,
    0x2F343B,0x2E3339,0x2E3339,0x2D3339,0x2D3238,0x2D3238,0x2D3238,0x2D3238,
    0x2D3238,0x2D3238,0x2D3238,0x2D3238,0x2D3238,0x2E3339,0x2E3339,0x2D3339,
    0x2E3338,0x2E3338,0x2E3338,0x30353A,0x2F3439,0x2D3038,0x22252D,0x1D1E24,
    0x27272B,0x424243,0x6B6D68,0x9B9B92,0xC4C4B6,0xDFDECF,0xEDEBDE,0xF1EFE0,
    0xEEECDB,0xE9E7D4,0xE4E1D2,0xE0DDCE,0xE0DCCD,0xE0DDCE,0xE0DDCD,0xE1DECD,
    0xE2DFCE,0xE3E0CF,0xE3E0CF,0xE2DFD0,0xE2DFD0,0xE2DFD0,0xE2DFD0,0xE2DFCE,
    0xE5E0CE,0xE2DFD4,0x47494B,0x24272E,0x2E3138,0x2E3138,0x2E3138,0x2E3138,
    0x2E3138,0x2E3138,0x2D3037,0x2D3038,0x2D3039,0x2D3039,0x2D3039,0x2D3039,
    0x2C2F36,0x2C2F36,0x2C2F36,0x2C2F36,0x2C2F36,0x2B2E35,0x2B2E35,0x2C2F36,
    0x2C2F36,0x2B2E35,0x2C2F36,0x2C2F36,0x2D3038,0x242730,0x4C4C4F,0xF2F1ED,
    0xF8F6EB,0xF7F3E9,0xF7F3EA,0xF7F3EA,0xF7F3EA,0xF7F3E9,0xF7F3E8,0xF7F3E8,
    0xF8F4E9,0xFCF8ED,0xFEFDF1,0xFFFFF4,0xFFFFF6,0xFFFFF4,0xF5F5EE,0xE4E4DD,
    0xC6C6BF,0xA09F9A,0x777876,0x525455,0x313238,0x272730,0x252631,0x2C2F39,
    0x34373F,0x363A3F,0x373A40,0x35383F,0x33363D,0x34373E,0x34373D,0x34373E,
    0x34373E,0x34373E,0x34373E,0x33383E,0x33383E,0x33383E,0x33383E,0x34373E,
    0x34373E,0x34373E,0x34373E,0x34373F,0x333741,0x333741,0x333741,0x323640,
    0x2F343A,0x2C3137,0x2C3137,0x2C3137,0x2C3137,0x2C3137,0x2C3137,0x2C3137,
    0x2C3137,0x2C3137,0x2C3137,0x2C3137,0x2C3137,0x2D3238,0x2D3238,0x2C3137,
    0x2C3137,0x2C3039,0x2C3039,0x2C3039,0x2D3039,0x2C313A,0x2D333B,0x30353C,
    0x30323A,0x282C31,0x212528,0x232528,0x2A2B2D,0x454446,0x6C6967,0x93908B,
    0xB1B0A6,0xD2D1C4,0xE4E1D3,0xEBE8D9,0xF0EDDE,0xEEECDD,0xEBE7D7,0xE7E4D3,
    0xE3E0CF,0xE3E0CF,0xE3E0CF,0xE2DFD0,0xE2DFD0,0xE2DFD0,0xE2DFD0,0xE2DFCF,
    0xE4DFCC,0xEAE7DC,0x56575A,0x23262D,0x2E3138,0x2C2F36,0x2C2F36,0x2C2F36,
    0x2C2F36,0x2C2F36,0x2C2F36,0x2C2F37,0x2C2F38,0x2C2F38,0x2C2F38,0x2C2F38,
    0x2C3137,0x2C3137,0x2C3137,0x2C3137,0x2C3036,0x2C2E35,0x2C2F36,0x2C2F36,
    0x2C2F37,0x2A2F38,0x2B2F37,0x2B2F37,0x2C3038,0x212429,0x595A59,0xF9F9F1,
    0xF5F3E7,0xF7F4EA,0xF8F4EB,0xF7F3EA,0xF7F3EA,0xF7F3EA,0xF6F3E7,0xF4F5E8,
    0xF1F3EB,0xDEE1DA,0xCACDC4,0xB4B5B0,0x929392,0x757678,0x56595B,0x3C3E41,
    0x2C2F31,0x242729,0x24272C,0x292D33,0x2E3139,0x353840,0x363941,0x353840,
    0x34373E,0x34373D,0x33373D,0x34373E,0x34373E,0x34373D,0x34373E,0x34373E,
    0x34373E,0x33363D,0x34373E,0x34373E,0x34373E,0x34373E,0x34373E,0x34373E,
    0x34373E,0x34373E,0x34373E,0x34373E,0x34373F,0x34373F,0x34373F,0x34373E,
    0x31343B,0x2D3037,0x2E3038,0x2E3038,0x2E3038,0x2E3138,0x2E3037,0x2E3037,
    0x2E3037,0x2E3037,0x2E3037,0x2E3037,0x2E3037,0x2E3037,0x2E3037,0x2E3037,
    0x2E3037,0x2E3038,0x2E3038,0x2E3038,0x2E3038,0x2E3038,0x2E3037,0x2E3037,
    0x2F3138,0x2F3239,0x2F343A,0x30343B,0x2A2E35,0x23272E,0x20242A,0x1F2328,
    0x24282C,0x34383B,0x4B4C4E,0x6B6B69,0x878983,0xA2A49C,0xBFBFB3,0xD1CFC1,
    0xE4E3D2,0xE3E1D0,0xE2DFCF,0xE2DFD0,0xE2DFD0,0xE2DFD0,0xE2DFD0,0xE4DECF,
    0xE0DECA,0xEDEEE0,0x656666,0x1D2127,0x2D3238,0x2C3137,0x2C3137,0x2B3038,
    0x2B2F38,0x2B2F38,0x2B2F37,0x2B2F38,0x2B2F38,0x2B2F38,0x2B2F38,0x2B2F38,
    0x2C3137,0x2C3137,0x2C3137,0x2C3137,0x2C3036,0x2C2E35,0x2C2F36,0x2C2F36,
    0x2C2F37,0x2B2F38,0x2B2F38,0x2B2F38,0x2E323A,0x1E2225,0x656665,0xFEFEF6,
    0xF4F2E6,0xF8F4EA,0xF8F4EB,0xF7F3EA,0xF7F3EA,0xF7F3EA,0xF5F3E7,0xF7F8EC,
    0x696B67,0x2C2F2F,0x2C2D2F,0x26282C,0x24252D,0x282831,0x2A2E33,0x31353A,
    0x35383D,0x373B40,0x383B42,0x363940,0x35383F,0x34373E,0x34373D,0x34373E,
    0x34373E,0x34373E,0x34373E,0x34373E,0x34373E,0x34373E,0x34373E,0x34373E,
    0x34373E,0x33363D,0x34373E,0x34373E,0x34373E,0x34373E,0x34373E,0x34373E,
    0x34373E,0x34373E,0x34373E,0x34373E,0x34373E,0x34373E,0x34373E,0x34373E,
    0x31343B,0x2D3037,0x2E3138,0x2E3138,0x2E3138,0x2E3138,0x2E3138,0x2E3138,
    0x2E3138,0x2E3138,0x2E3138,0x2E3138,0x2E3138,0x2E3138,0x2E3138,0x2E3138,
    0x2E3138,0x2E3138,0x2E3138,0x2E3138,0x2E3138,0x2E3138,0x2E3138,0x2E3138,
    0x2E3138,0x2E3138,0x2D3238,0x2D3238,0x2E3339,0x2F343A,0x30353B,0x30353C,
    0x2F343A,0x2B3036,0x272832,0x23242C,0x202126,0x1F2022,0x282A2C,0x2D2C2E,
    0x585651,0xDFDDCF,0xE3E0CE,0xE2DFD0,0xE2DFD0,0xE2DFD0,0xE2DFD0,0xE4DECF,
    0xDFDDC9,0xF0F1E2,0x727372,0x181C22,0x2E3339,0x2C3137,0x2C3137,0x2B3038,
    0x2B2F38,0x2B2F38,0x2B2F38,0x2B2F38,0x2B2F38,0x2B2F38,0x2B2F38,0x2B2F38,
    0x2C3137,0x2C3137,0x2C3137,0x2C3137,0x2C3036,0x2C2F36,0x2C2F36,0x2C2F36,
    0x2C2F37,0x2B2F38,0x2B2F38,0x2B2F38,0x2E323A,0x1B1E22,0x737472,0xFFFFFA,
    0xF3F1E5,0xF8F4EB,0xF8F4EB,0xF8F4EB,0xF8F4EB,0xF7F3E9,0xF7F4E9,0xEFF0E6,
    0x454747,0x282A31,0x32363E,0x34373F,0x353942,0x363942,0x363940,0x35383F,
    0x33363D,0x33363D,0x34373E,0x34373E,0x34373E,0x34373E,0x34373E,0x34373E,
    0x34373E,0x33363D,0x33363D,0x33363D,0x33363D,0x34373E,0x34373E,0x34373E,
    0x34373E,0x34373E,0x34373E,0x33363D,0x34373E,0x34373E,0x34373E,0x34373E,
    0x34373E,0x34373E,0x34373E,0x34373E,0x34373E,0x34373E,0x34373E,0x33373D,
    0x30353B,0x2C3238,0x2D3238,0x2D3238,0x2D3238,0x2D3238,0x2D3238,0x2D3238,
    0x2D3238,0x2D3238,0x2D3238,0x2D3238,0x2D3238,0x2D3238,0x2D3238,0x2D3238,
    0x2D3238,0x2D3238,0x2D3238,0x2D3238,0x2D3238,0x2D3238,0x2D3238,0x2D3238,
    0x2D3238,0x2D3238,0x2D3238,0x2D3238,0x2D3238,0x2D3238,0x2D3238,0x2D3238,
    0x2D3238,0x2E3238,0x30333B,0x30333C,0x30333C,0x2E3139,0x2C3036,0x262930,
    0x37363B,0xD8D4CB,0xE6E2D0,0xE2DFD0,0xE2DFD0,0xE2DFD0,0xE2DFD0,0xE4DECF,
    0xDFDDC9,0xF1F2E4,0x7C7D7C,0x15191F,0x2E3339,0x2B3036,0x2C3137,0x2B3038,
    0x2B2F38,0x2B2F38,0x2B2F38,0x2B2F38,0x2B2F38,0x2B2F38,0x2C3039,0x2C3039,
    0x2D3137,0x2D3137,0x2D3137,0x2D3137,0x2D3038,0x2E3138,0x2D3037,0x2C2F36,
    0x2C2F37,0x2B2F38,0x2B2F37,0x2B2F37,0x2F333A,0x191C20,0x7E7F7E,0xFFFFFD,
    0xF2F0E4,0xF8F4EB,0xF8F4EB,0xF8F4EB,0xF8F4EB,0xF7F2E8,0xF9F6EB,0xE5E6DE,
    0x434446,0x31343C,0x34383F,0x34383E,0x33383D,0x33383D,0x34373F,0x34373F,
    0x33363F,0x33363F,0x34373E,0x34373E,0x34373E,0x34373E,0x34373E,0x34373E,
    0x34373E,0x33363D,0x33363D,0x33363D,0x33363D,0x34373E,0x34373E,0x34373E,
    0x34373E,0x34373E,0x34373E,0x33363D,0x34373E,0x34373E,0x34373E,0x34373E,
    0x34373E,0x34373E,0x34373E,0x34373E,0x34373E,0x34373E,0x34373E,0x34373D,
    0x2F353B,0x2A3237,0x2B3238,0x2B3238,0x2B3238,0x2A3137,0x2B3238,0x2B3238,
    0x2B3238,0x2B3238,0x2B3238,0x2B3238,0x2B3238,0x2B3238,0x2B3238,0x2B3238,
    0x2B3238,0x2B3238,0x2B3238,0x2A3137,0x2A3137,0x2B3238,0x2B3238,0x2B3238,
    0x2B3238,0x2C3238,0x2D3238,0x2D3238,0x2C3137,0x2C3137,0x2D3238,0x2D3238,
    0x2D3238,0x2D3238,0x2D3237,0x2D3237,0x2D3238,0x2D3339,0x2D3436,0x2D3236,
    0x36373B,0xCFCBC4,0xE9E4D4,0xE2DFD0,0xE2DFD0,0xE2DFD0,0xE2DFD0,0xE4DED0,
    0xDFDCC9,0xF1F2E3,0x8A8B89,0x13181D,0x2D3339,0x2B3036,0x2C3137,0x2B3038,
    0x2B2F38,0x2B2F38,0x2B2F38,0x2B2F38,0x2B2F38,0x2B2F38,0x2C3039,0x2C3039,
    0x2D3037,0x2D3037,0x2D3037,0x2D3037,0x2E3138,0x2E3138,0x2E3138,0x2E3138,
    0x2E3138,0x2D3036,0x2D3036,0x2D3036,0x30333A,0x161A1D,0x858684,0xFFFFFD,
    0xF2F0E4,0xF8F4EB,0xF8F4EB,0xF7F3EA,0xF7F3EA,0xF6F2E7,0xFAF8EC,0xDDDED6,
    0x3A3B3C,0x32343B,0x34373E,0x34373E,0x34373E,0x34373E,0x34373E,0x34373E,
    0x34373E,0x34373E,0x33363D,0x33363D,0x34373E,0x34373E,0x34373E,0x34373E,
    0x34373E,0x34373E,0x34373E,0x34373E,0x34373E,0x33363D,0x33363D,0x33363D,
    0x33363D,0x34373E,0x34373E,0x34373E,0x34373E,0x34373E,0x34373E,0x34373E,
    0x34373E,0x34373E,0x34373E,0x34373E,0x33363D,0x34373E,0x33363D,0x34373E,
    0x30353B,0x2C3137,0x2D3238,0x2D3238,0x2B3137,0x2B3137,0x2B3238,0x2B3238,
    0x2B3238,0x2B3137,0x2B3137,0x2B3238,0x2B3238,0x2B3137,0x2B3137,0x2B3238,
    0x2B3238,0x2B3137,0x2B3137,0x2B3137,0x2B3137,0x2B3238,0x2B3238,0x2B3137,
    0x2B3137,0x2B3137,0x2C3137,0x2C3137,0x2C3137,0x2C3137,0x2C3137,0x2C3137,
    0x2D3238,0x2D3238,0x2B3137,0x2B3238,0x2B3137,0x2B3237,0x2D3137,0x2D3138,
    0x303336,0xC9C5BE,0xEAE3D6,0xE1DFD0,0xE2DFD0,0xE2DFD0,0xE2DFD1,0xE5DFD2,
    0xDFDDC9,0xF1F2E2,0x91928F,0x13181D,0x2D3339,0x2C3036,0x2D3237,0x2C3139,
    0x2C3039,0x2C3039,0x2B2F38,0x2B2F38,0x2C3039,0x2C3039,0x2C3039,0x2C3039,
    0x2C2F36,0x2C2F36,0x2C2F36,0x2C2F36,0x2C2F36,0x2C2F36,0x2C2F36,0x2C2F36,
    0x2C2F36,0x2B2E35,0x2B2E35,0x2B2E35,0x2E3138,0x15181C,0x8A8B8A,0xFFFFFD,
    0xF2F0E4,0xF8F4EB,0xF8F4EB,0xF7F3EA,0xF7F3EA,0xF6F1E7,0xFCF9ED,0xD4D5CD,
    0x343536,0x32353C,0x34373E,0x34373E,0x34373E,0x34373E,0x34373E,0x34373E,
    0x34373E,0x34373E,0x33363D,0x33363D,0x34373E,0x34373E,0x34373E,0x34373E,
    0x34373E,0x34373E,0x34373E,0x34373E,0x34373E,0x33363D,0x33363D,0x33363D,
    0x33363D,0x33363D,0x33363D,0x34373E,0x34373E,0x34373E,0x34373E,0x34373E,
    0x34373E,0x34373E,0x34373E,0x34373E,0x33373E,0x34373E,0x33363D,0x34373E,
    0x2F343A,0x2B3036,0x2B3036,0x2B3036,0x2C3036,0x2C3036,0x2B3036,0x2B3036,
    0x2B3036,0x2B2F36,0x2B2F36,0x2B3036,0x2B3036,0x2B3036,0x2B3036,0x2B3036,
    0x2B3036,0x2C3037,0x2C3037,0x2C3036,0x2C3036,0x2B3036,0x2B3036,0x2B2F36,
    0x2B2F36,0x2C3036,0x2C3137,0x2C3137,0x2C3137,0x2C3137,0x2C3137,0x2C3137,
    0x2B3036,0x2B3036,0x2C3037,0x2C3137,0x2C3037,0x2D3137,0x2D3037,0x2E3239,
    0x2B2E31,0xBFBCB5,0xEBE5D8,0xE1DECF,0xE2DFD0,0xE2DFD0,0xE2DFD1,0xE5DFD2,
    0xDFDDC9,0xF1F2E3,0x969895,0x14181D,0x2E3339,0x2A2F35,0x2B3036,0x2B2F37,
    0x2A2E37,0x2A2E37,0x2A2E37,0x2A2E37,0x2A2E37,0x2A2E37,0x2A2E37,0x2A2E37,
    0x2C2F36,0x2C2F36,0x2C2F36,0x2C2F36,0x2C2F36,0x2C2F36,0x2C2F36,0x2C2F36,
    0x2C2F36,0x2C2F36,0x2C2F36,0x2D3037,0x30343A,0x171A1D,0x8B8C8B,0xFFFFFD,
    0xF2F0E3,0xF7F3EA,0xF7F3EA,0xF7F3EA,0xF7F3EA,0xF6F2E7,0xFCFAEE,0xCECEC6,
    0x313333,0x32353C,0x32353B,0x32353C,0x32353C,0x32353C,0x32353C,0x32353C,
    0x32353C,0x32353C,0x32353C,0x32353C,0x32353C,0x32353C,0x32353C,0x32353C,
    0x32353C,0x32353C,0x32353C,0x32353C,0x32353C,0x32353C,0x32353C,0x32353C,
    0x32353C,0x32353C,0x32353C,0x32353C,0x32353C,0x32353C,0x32353C,0x32353C,
    0x32353C,0x32353C,0x32353C,0x32353C,0x33353C,0x32353C,0x33363D,0x33363D,
    0x2E3339,0x2B3036,0x2B3036,0x2B3036,0x2C2F36,0x2C2F36,0x2C2F36,0x2C2F36,
    0x2C2F36,0x2C2F36,0x2C2F36,0x2C2F36,0x2C2F36,0x2C2F36,0x2C2F36,0x2C2F36,
    0x2C2F36,0x2C2F36,0x2C2F36,0x2C2F36,0x2C2F36,0x2C2F36,0x2C2F36,0x2C2F36,
    0x2C2F36,0x2C2F36,0x2B3036,0x2B3036,0x2B3036,0x2B3036,0x2B3036,0x2B3036,
    0x2B3036,0x2B3036,0x2C2F36,0x2D2F36,0x2D2F36,0x2D2F36,0x2C2F36,0x2D3138,
    0x282B2D,0xB9B6AF,0xECE6D9,0xE1DECF,0xE2DFD0,0xE3E0D1,0xE2DFD1,0xE5DFD2,
    0xDFDDC9,0xF1F2E3,0x969895,0x15191F,0x2F343A,0x2B3136,0x2B3136,0x2B3038,
    0x2B2F38,0x2B2F38,0x2B2F38,0x2B2F38,0x2B2F38,0x2B2F38,0x2B2F38,0x2B2F38,
    0x2C2F36,0x2C2F36,0x2C2F36,0x2C2F36,0x2C2F36,0x2C2F36,0x2C2F36,0x2C2F36,
    0x2C2F36,0x2C2F36,0x2C2F36,0x2C2F36,0x30333A,0x15181E,0x8F9090,0xFFFFFE,
    0xF1EFE4,0xF7F3E9,0xF7F3E9,0xF7F3E9,0xF7F3E9,0xF5F1E6,0xFEFBEF,0xC8C9C2,
    0x2F3033,0x33363F,0x32353D,0x32353D,0x32353D,0x32353D,0x32353D,0x32353D,
    0x32353D,0x32353D,0x32343D,0x32343E,0x32343E,0x32343E,0x32353D,0x32353C,
    0x32353C,0x32353C,0x32353C,0x32353C,0x32353C,0x32353C,0x32353C,0x32343E,
    0x32343E,0x32353E,0x32353E,0x32353D,0x32353D,0x32353D,0x32353D,0x32353D,
    0x32353D,0x32353D,0x32353D,0x32353D,0x32363D,0x32363D,0x31363C,0x31363C,
    0x2E3339,0x2B3036,0x2B3036,0x2B3036,0x2B3036,0x2C2F36,0x2C3036,0x2C2F36,
    0x2C3036,0x2C3036,0x2C2F36,0x2C3036,0x2C2F36,0x2E2E36,0x2E2E36,0x2E2E36,
    0x2E2E36,0x2D2F35,0x2D2F35,0x2D2F35,0x2D2F35,0x2D2F35,0x2D2F35,0x2D2F35,
    0x2D2F35,0x2C2F36,0x2B2F37,0x2B2F37,0x2B2F37,0x2B2F37,0x2B3036,0x2B3036,
    0x2A2F35,0x2A2F35,0x2A2F35,0x2B2E35,0x2B2E35,0x2B2E35,0x2B2E35,0x2D3138,
    0x272B2D,0xB7B4AC,0xECE6D9,0xE2DFD0,0xE3E0D1,0xE2DFD0,0xE2DFD1,0xE4DED1,
    0xDFDDC9,0xF1F2E2,0x999A97,0x161A20,0x2F333A,0x2B2F36,0x2B2F36,0x2C2F36,
    0x2B2F36,0x2C2F37,0x2C2F37,0x2C2F37,0x2B2F39,0x2B2F39,0x2B2F39,0x2B2F39,
    0x2C2F36,0x2C2F36,0x2C2F36,0x2C2F36,0x2C2F36,0x2C2F36,0x2C2F36,0x2C2F36,
    0x2C2F36,0x2C2F36,0x2C2F36,0x2C2F36,0x30333A,0x171A20,0x8D8E8F,0xFFFFFF,
    0xF1EFE4,0xF7F3E8,0xF7F3E8,0xF7F3E8,0xF7F3E8,0xF5F1E6,0xFEFBEF,0xC8C9C2,
    0x2D2E33,0x343641,0x32353E,0x32353E,0x32353E,0x32353E,0x32353E,0x32353E,
    0x32353E,0x32353E,0x32353E,0x32353E,0x32353F,0x33363F,0x333540,0x333541,
    0x333541,0x333541,0x333541,0x333541,0x333541,0x333541,0x333541,0x33363F,
    0x32353E,0x32353E,0x32353E,0x32353E,0x32353E,0x32353E,0x32353E,0x32353E,
    0x32353E,0x32353E,0x32353E,0x32363E,0x32373D,0x32373D,0x31363C,0x31363C,
    0x2E3339,0x2B3036,0x2B3036,0x2B3036,0x2B3036,0x2B3036,0x2B3036,0x2B3036,
    0x2B3036,0x2B3036,0x2B3036,0x2B3036,0x2B3036,0x2C2F36,0x2C2F36,0x2C2F36,
    0x2C2F36,0x2D3038,0x2D3038,0x2D3038,0x2D3038,0x2D3038,0x2D3038,0x2D3038,
    0x2D3038,0x2D3038,0x2D3037,0x2D3037,0x2C2F37,0x2C2F37,0x2B3036,0x2B3036,
    0x2A2F35,0x2A2F35,0x2A2F35,0x2A2F35,0x2A2F35,0x2A2F35,0x2B2F35,0x2E3239,
    0x272B2D,0xB6B3AC,0xEEE7DA,0xE2DFD0,0xE3E0D1,0xE2DFD0,0xE2DFD1,0xE4DED1,
    0xDFDDC9,0xF1F2E2,0x989996,0x171A20,0x30333A,0x2C2F36,0x2C2F36,0x2C2F36,
    0x2C2F36,0x2C2F36,0x2C2F36,0x2C2F37,0x2B2F38,0x2B2F38,0x2B2F38,0x2B2F38,
    0x2C2F36,0x2C2F36,0x2C2F36,0x2C2F36,0x2C2F36,0x2C2F36,0x2C2F36,0x2C2F36,
    0x2C2F36,0x2C2F36,0x2C2F36,0x2B2E35,0x2F3239,0x16191F,0x8B8C8D,0xFFFFFF,
    0xF2EFE5,0xF7F3E8,0xF7F3E8,0xF7F3E8,0xF7F3E8,0xF6F2E7,0xFDFAEE,0xCECFC8,
    0x303035,0x32343F,0x33363F,0x32353E,0x32353E,0x32353E,0x32353E,0x32353E,
    0x32353E,0x32353E,0x32353C,0x32353C,0x30333A,0x2C2F37,0x2D3039,0x2E303B,
    0x2E303A,0x2D2F3A,0x2D303A,0x2D303A,0x2D303A,0x2E313B,0x2E313B,0x2E3139,
    0x32353D,0x33363E,0x31343B,0x32353E,0x32353E,0x32353E,0x32353E,0x32353E,
    0x32353E,0x32353E,0x32353E,0x32363E,0x32373D,0x32373D,0x31363C,0x32373D,
    0x2F343A,0x2C3137,0x2C3137,0x2C3137,0x2C3137,0x2C3137,0x2C3137,0x2B3036,
    0x2B3036,0x2B3036,0x2B3036,0x2B3036,0x2B3036,0x2B3036,0x2B3036,0x2B3036,
    0x2A2F36,0x292C35,0x272B33,0x272A33,0x272A33,0x272A32,0x272A33,0x272A33,
    0x272A33,0x272A32,0x272A2F,0x26292F,0x282B31,0x2B2E34,0x2B3036,0x2B3036,
    0x2B3036,0x2B3036,0x2A2F35,0x2A2F35,0x2B3036,0x2B3036,0x2B2F36,0x2D3037,
    0x282C2E,0xBBB7B0,0xECE6D8,0xE1DECF,0xE2DFD0,0xE2DFD0,0xE2DFD1,0xE5DFD2,
    0xDFDDC9,0xF0F1E2,0x949593,0x16191F,0x30333A,0x2C2F36,0x2C2F36,0x2C2F36,
    0x2C2F36,0x2C2F36,0x2C2F36,0x2C2F36,0x2B3036,0x2B3036,0x2B3036,0x2B3036,
    0x2C2F36,0x2C2F36,0x2C2F36,0x2C2F36,0x2C2F36,0x2C2F36,0x2C2F36,0x2C2F36,
    0x2C2F36,0x2C2F36,0x2C2F36,0x2B2E35,0x2F3239,0x17191F,0x858586,0xFFFFFF,
    0xF2EFE5,0xF7F3E8,0xF7F3E8,0xF7F3E8,0xF7F3E8,0xF6F2E7,0xFBF9ED,0xD5D5CE,
    0x343539,0x31333D,0x33363F,0x32353E,0x32353E,0x32353E,0x32353E,0x32353E,
    0x32353E,0x32353E,0x32353B,0x313439,0x3E4146,0x46494D,0x414446,0x404345,
    0x414346,0x414346,0x404346,0x424548,0x434649,0x434648,0x434648,0x424549,
    0x313337,0x2C2F33,0x34373D,0x32343D,0x32353E,0x32353E,0x32353E,0x32353E,
    0x32353E,0x32353E,0x32353E,0x32363E,0x32373D,0x32373D,0x31363C,0x32373D,
    0x2F343A,0x2C3137,0x2C3137,0x2C3137,0x2C3137,0x2C3137,0x2C3137,0x2B3036,
    0x2B3036,0x2B3036,0x2B3036,0x2B3036,0x2B3036,0x293035,0x2B3238,0x252B31,
    0x252B2F,0x383B3D,0x393C3E,0x393C3D,0x3A3C3E,0x393C3D,0x3A3D3E,0x3B3E3F,
    0x3A3D3E,0x393C3E,0x393C3E,0x3D4042,0x373A3D,0x2A2E32,0x2B3036,0x2B3036,
    0x2B3036,0x2B3036,0x2C3137,0x2C3137,0x2B3036,0x2B3036,0x2B2F36,0x2C3037,
    0x2A2D2F,0xC2BEB7,0xEBE5D7,0xE1DECF,0xE2DFD0,0xE2DFD0,0xE2DFD1,0xE4DFD2,
    0xDFDCC9,0xF1F2E2,0x90918E,0x16191E,0x30333A,0x2C2F36,0x2C2F36,0x2C2F36,
    0x2C2F36,0x2C2F36,0x2C2F36,0x2C2F35,0x2B3034,0x2B3034,0x2B3034,0x2B3034,
    0x2B2E35,0x2B2E35,0x2B2E35,0x2B2E35,0x2B2E35,0x2A2D34,0x2B2E35,0x2B2E35,
    0x2B2E35,0x2B2E35,0x2B2E35,0x2B2E35,0x2E3139,0x17191F,0x7A7A7B,0xFFFFFF,
    0xF2F0E5,0xF7F3EA,0xF7F3EA,0xF7F3EA,0xF7F3EA,0xF6F2E7,0xFAF7EC,0xDDDED6,
    0x393B3B,0x30333B,0x343640,0x33353F,0x33353F,0x32353F,0x31353E,0x31353E,
    0x31353E,0x31353E,0x32363F,0x2F3139,0x48484D,0xE2E3DD,0xEDECE2,0xE7E6DA,
    0xE8E6DC,0xE9E6DF,0xE8E6E0,0xE8E7DF,0xE9E7E0,0xE8E7E0,0xE8E7DF,0xE6E5DD,
    0xD0D0C8,0x575956,0x2B2E35,0x333640,0x31333E,0x32353F,0x32353F,0x32353D,
    0x32353C,0x32353C,0x32353C,0x32353C,0x32353C,0x32353C,0x32353C,0x32353C,
    0x2F323A,0x2B2E37,0x2B2F37,0x2B2F37,0x2C2F37,0x2C2F37,0x2C2F37,0x2B2F37,
    0x2C2F37,0x2C2F37,0x2C2F37,0x2C2F38,0x2C3036,0x2B3133,0x262A2D,0x474848,
    0xBEBFB6,0xD7D4CA,0xD7D3C9,0xD7D3C9,0xD7D3C9,0xD7D3C9,0xD6D3C9,0xD6D3C9,
    0xD6D2C8,0xD5D2C8,0xD6D2C9,0xDAD8D3,0x4E4E50,0x24262B,0x2D3039,0x2D3038,
    0x2C2F37,0x2C2F37,0x2C2F37,0x2C2F37,0x2C2F37,0x2C2F37,0x2A2F38,0x2B2F37,
    0x313133,0xCBC8BE,0xE9E5D4,0xE1DFD0,0xE2DFD0,0xE2DFD0,0xE2DFD0,0xE0E0CF,
    0xDFDBC8,0xF4F1E4,0x898988,0x16181F,0x2E3239,0x2B2E35,0x2B2E35,0x2B2E35,
    0x2B2E35,0x2B2E35,0x2B2E35,0x2B2E35,0x2A2F35,0x2A2F35,0x2A2F35,0x2A2F35,
    0x2B2E35,0x2B2E35,0x2B2E35,0x2B2E35,0x2B2E35,0x2A2D34,0x2B2E35,0x2B2E35,
    0x2B2E35,0x2B2E35,0x2B2E35,0x2B2E35,0x2E3138,0x181A20,0x6C6C6D,0xFFFFFC,
    0xF3F1E6,0xF7F3EA,0xF7F3EA,0xF7F3EA,0xF7F3EA,0xF6F2E8,0xF8F6EA,0xE5E6DE,
    0x404141,0x2E3139,0x33363E,0x32353E,0x32353E,0x32353E,0x31353E,0x31353E,
    0x31353E,0x31353E,0x32353E,0x353842,0x222229,0x838481,0xFFFFFD,0xF5F2E7,
    0xF8F5EC,0xF8F5EC,0xF9F6ED,0xF9F6ED,0xF9F6ED,0xF9F6ED,0xF9F5ED,0xF9F5EB,
    0xFFFFFA,0xD9D9D4,0x343638,0x30333B,0x32353E,0x32353E,0x32353E,0x32353D,
    0x32353C,0x32353C,0x32353C,0x32353C,0x32353C,0x32353C,0x32353C,0x32353C,
    0x2E3138,0x2A2D34,0x2B2E34,0x2B2E34,0x2A2D34,0x2A2D34,0x2B2D34,0x2B2D34,
    0x2B2D34,0x2B2D34,0x2A2D34,0x2A2D34,0x2A2D34,0x2A2E34,0x282A2B,0xBBBBB2,
    0xF3F2E1,0xE4E1D0,0xE5E2D1,0xE5E2D1,0xE5E2D1,0xE4E1D0,0xE4E1D0,0xE4E1CF,
    0xE4E0CF,0xE0DDCA,0xF1EFE0,0x8C8B89,0x1A1B23,0x2D2F39,0x2A2D34,0x2B2E34,
    0x2B2E34,0x2B2E34,0x2B2E34,0x2B2E34,0x2B2E34,0x2B2E34,0x2A2F37,0x292D35,
    0x373738,0xD4D1C7,0xE8E3D2,0xE2DFD0,0xE2DFD0,0xE2DFD0,0xE2DFD0,0xE0E0CF,
    0xE0DCC8,0xF3F0E3,0x7A7A79,0x161920,0x2E3138,0x2B2E35,0x2B2E35,0x2B2E35,
    0x2B2E35,0x2B2E35,0x2B2E35,0x2B2E35,0x2A2F35,0x2A2F35,0x2A2F35,0x2A2F35,
    0x2B2E35,0x2B2E35,0x2B2E35,0x2B2E35,0x2B2E35,0x2B2E35,0x2B2E35,0x2B2E35,
    0x2B2E35,0x2B2E35,0x2B2E35,0x2B2E35,0x2E3138,0x1C1E23,0x606061,0xFEFDF8,
    0xF4F2E7,0xF8F4EB,0xF8F4EB,0xF8F4EB,0xF8F4EB,0xF7F2E8,0xF6F3E8,0xEEEFE7,
    0x4B4C4D,0x2B2F36,0x30373B,0x31383C,0x31383C,0x31373D,0x32363F,0x32363F,
    0x32363F,0x32363F,0x31373E,0x333740,0x32353D,0x272A2A,0xC4C3BD,0xFEFCF5,
    0xF2F0E6,0xF5F3E7,0xF5F3E7,0xF7F2E7,0xF7F2E7,0xF8F3E9,0xF8F3E9,0xF9F3E8,
    0xF2EFE2,0xFFFFF9,0x949590,0x212429,0x373940,0x33363C,0x33363C,0x32353C,
    0x32353C,0x32353C,0x32353C,0x32353C,0x32353C,0x32353C,0x32353C,0x32353C,
    0x2F3236,0x2B2E32,0x2B2E32,0x2B2E32,0x2B2E32,0x2B2E32,0x2B2E32,0x2B2E32,
    0x2B2F32,0x2B2E32,0x2B2E33,0x2A2D32,0x2E3136,0x1D1F22,0x777871,0xF1EFE2,
    0xDDDACA,0xE2DFCE,0xE2DFCE,0xE1DECD,0xE1DECD,0xE1DECE,0xE1DECD,0xE1DECD,
    0xDDDACA,0xE5E3D1,0xC8C8BC,0x2E2E31,0x272A33,0x2B2F36,0x2A2E32,0x2A2E32,
    0x2B2E32,0x2B2E32,0x2B2E32,0x2B2E32,0x2B2E32,0x2B2E32,0x2A2F36,0x272B33,
    0x3F3F41,0xDCD9CF,0xE6E1D0,0xE2DFD0,0xE2DFD0,0xE2DFD0,0xE2DFD0,0xE0E0CF,
    0xE0DCC9,0xF1EEE1,0x6F6E6D,0x181A21,0x2E3138,0x2B2E35,0x2B2E35,0x2B2E35,
    0x2B2E35,0x2B2E35,0x2B2E35,0x2B2E35,0x2A2F35,0x2A2F35,0x2A2F35,0x2A2F35,
    0x2B2E35,0x2B2E35,0x2B2E35,0x2B2E35,0x2B2E35,0x2B2E35,0x2B2E35,0x2B2E35,
    0x2B2E35,0x2B2E35,0x2B2E35,0x2B2E35,0x2D3037,0x1E2128,0x545458,0xF8F8F3,
    0xF5F3E8,0xF8F4EA,0xF8F4EB,0xF8F4EB,0xF8F4EB,0xF7F3E9,0xF5F2E7,0xF7F8EF,
    0x5A5C5B,0x292D31,0x31383C,0x32373C,0x31373C,0x32373C,0x32373E,0x32373E,
    0x32373E,0x32373E,0x30373D,0x31373F,0x33373E,0x282D32,0x4D4F4E,0xEEEEE8,
    0xF8F7EC,0xF5F4E7,0xF7F4E8,0xF9F3E9,0xF9F3E9,0xF9F3EA,0xF9F3EA,0xF9F3E9,
    0xF6F3E7,0xF9F7EC,0xF6F6EE,0x535656,0x2A2E32,0x34373D,0x33363B,0x32363C,
    0x32363C,0x32363C,0x32363C,0x32353C,0x31353D,0x31353D,0x32353D,0x32353D,
    0x2E3237,0x2B2F33,0x2B2F33,0x2B2F33,0x2B2F34,0x2B3034,0x2B2F34,0x2B3034,
    0x2B2F34,0x2C2F35,0x2B3033,0x2B3034,0x262A2D,0x3C3D39,0xDADACE,0xE8E6D8,
    0xE0DCD0,0xE4DFD3,0xE4DFD2,0xE3DFD2,0xE3DED1,0xE2DFD1,0xE2DFD1,0xE2DFD1,
    0xE2DDD0,0xE7E6D9,0x5A5D57,0x1D2025,0x2B3036,0x2A3032,0x2B2F33,0x2B2F33,
    0x2B2F33,0x2B2F33,0x2B2F33,0x2B2F33,0x2B2F33,0x2B2F33,0x2A3036,0x23282E,
    0x4D4D4C,0xE3E0D4,0xE4E0CF,0xE3E0D1,0xE2DFD0,0xE2DFD0,0xE2DFD0,0xE1E0CF,
    0xE1DCC9,0xEDEADE,0x5F6061,0x1A1E25,0x2D3138,0x2B2E35,0x2B2E35,0x2B2E35,
    0x2B2E35,0x2B2E35,0x2B2E35,0x2B2E35,0x2A2F35,0x2A2F35,0x2A2F35,0x2A2F35,
    0x2B2E35,0x2B2E35,0x2B2E35,0x2B2E35,0x2B2E35,0x2B2E35,0x2B2E35,0x2B2E35,
    0x2B2E35,0x2A2F35,0x2A2F35,0x2A2F35,0x2B3136,0x21262C,0x46484E,0xEFEFEB,
    0xF7F6E9,0xF7F3E9,0xF8F4EB,0xF8F4EB,0xF8F4EB,0xF7F3E9,0xF3F1E5,0xFDFEF4,
    0x6C6F6B,0x25292D,0x33353D,0x33353C,0x32353C,0x32353C,0x31363C,0x31363C,
    0x31363C,0x31363C,0x31363C,0x31363C,0x31363C,0x363B41,0x21262A,0x858985,
    0xFFFFFD,0xF3F3E6,0xF7F4EA,0xF8F4EB,0xF8F4EB,0xF8F4EB,0xF8F4EB,0xF7F3EA,
    0xF7F3EA,0xF6F2E9,0xFEFCF3,0xCCCCC6,0x313334,0x32343B,0x32363B,0x32373B,
    0x30353C,0x31363C,0x30353B,0x30353C,0x30353D,0x30353D,0x31363D,0x31363D,
    0x2D3239,0x2A2F35,0x2A2F35,0x2A2F35,0x2A2F35,0x2A2F35,0x2A2F35,0x2A2F35,
    0x2A2E36,0x2B2F36,0x2C3035,0x2B2F34,0x232729,0xA7A7A1,0xECECDE,0xE0DECE,
    0xE3DFD2,0xE5DFD1,0xE5DFD1,0xE5DFD1,0xE4DED0,0xE3DFCF,0xE1DFCE,0xDFDDCE,
    0xF4F0E3,0x939489,0x1B221F,0x2D3236,0x2B3035,0x2B3034,0x2A2F35,0x2A2F35,
    0x2A2F35,0x2A2F35,0x2A2F35,0x2A2F35,0x2A2F35,0x2A2F35,0x292F37,0x202428,
    0x5E5E59,0xEAE8D9,0xE2DECD,0xE3E0D1,0xE3E0D1,0xE2DFD0,0xE2DFD0,0xE2DFCF,
    0xE3DECB,0xE8E5DA,0x4F5154,0x1E232A,0x2C3137,0x2A2F35,0x2A2F35,0x2A2F35,
    0x2A2F35,0x2A2F35,0x2A2F35,0x2A2F35,0x2A2F35,0x2A2F35,0x2A2F35,0x2A2F35,
    0x2B2E35,0x2B2E35,0x2B2E35,0x2B2E35,0x2B2E35,0x2B2E35,0x2B2E35,0x2B2E35,
    0x2B2E35,0x2A2F35,0x2A2F35,0x2A2F35,0x2B3036,0x262B31,0x38393F,0xDFDFDC,
    0xFBFAED,0xF7F3E9,0xF8F4EB,0xF8F4EB,0xF8F4EB,0xF7F3E9,0xF3F0E4,0xFFFFF6,
    0x838482,0x23272B,0x33363D,0x33363C,0x32353C,0x32353C,0x31363C,0x31363C,
    0x31363C,0x31363C,0x31363C,0x31363C,0x31363C,0x31363C,0x31353B,0x2E3034,
    0xD4D5D2,0xFCFCF3,0xF5F2E6,0xF8F4EB,0xF8F4EB,0xF7F3EA,0xF7F3EA,0xF7F3EA,
    0xF7F3EA,0xF7F3EA,0xF4EFE6,0xFFFFF9,0x8D8C8B,0x25262C,0x35393F,0x30363A,
    0x30353B,0x30353B,0x30353B,0x30353B,0x303539,0x303539,0x30353A,0x31363B,
    0x2D3238,0x2A2F35,0x2A2F35,0x2A2F35,0x2A2F35,0x2A2F35,0x2A2F35,0x2A2F35,
    0x2A2F34,0x2A2F36,0x2E3139,0x1F2022,0x71716D,0xEEEDE2,0xE0DDCE,0xE4E0D0,
    0xE4DFD3,0xE5DFD1,0xE5DFD1,0xE5DFD1,0xE5DFD1,0xE3DFD1,0xE0DECD,0xE5E5D4,
    0xD0D0C6,0x313330,0x282D2F,0x2B3036,0x2A2F35,0x2A2F33,0x2A2F35,0x2A2F35,
    0x2A2F35,0x2A2F35,0x2B3036,0x2B3036,0x2A2F35,0x2A2F35,0x2A3138,0x1E2227,
    0x71716D,0xEEEBDD,0xE0DCCA,0xE2DFD1,0xE2DFD0,0xE2DFD0,0xE2DFD0,0xE1DECE,
    0xE5E0CD,0xDEDCD0,0x414245,0x22262D,0x2C3036,0x2A2F35,0x2A2F35,0x2A2F35,
    0x2A2F35,0x2A2F35,0x2A2F35,0x2A2F35,0x2A2F35,0x2A2F35,0x2A2F35,0x2A2F35,
    0x2A2D34,0x2A2D34,0x2A2D34,0x2A2D34,0x2A2D34,0x2A2D34,0x2A2D34,0x2B2E35,
    0x2A2E34,0x292E34,0x292E34,0x292E34,0x292E34,0x282D33,0x2C2D33,0xCECECA,
    0xFEFDF0,0xF6F2E8,0xF8F4EB,0xF8F4EB,0xF8F4EB,0xF7F3E9,0xF3F0E4,0xFFFFF9,
    0xA0A29F,0x212429,0x33363D,0x32353C,0x32353C,0x32353C,0x31363C,0x31363C,
    0x31363C,0x31363C,0x30353B,0x30353B,0x30353B,0x30353B,0x32363E,0x282933,
    0x636368,0xFAFAF3,0xF6F3E6,0xF8F4EB,0xF8F4EB,0xF7F3EA,0xF7F3EA,0xF7F3EA,
    0xF7F3EA,0xF7F3EA,0xF6F2E9,0xF9F4EA,0xF2EEEB,0x4B4B50,0x2B2F35,0x33393F,
    0x32373D,0x31373D,0x31363C,0x31363B,0x32373A,0x32373A,0x303538,0x313639,
    0x2D3238,0x282D33,0x282D34,0x292D34,0x282D34,0x292D34,0x282D34,0x292D34,
    0x282E32,0x2B3036,0x2B2B37,0x363436,0xD7D5CB,0xE7E4D6,0xE2DFCD,0xE5DFCF,
    0xE6DED3,0xE5DFD2,0xE5DFD1,0xE5DFD1,0xE5DFD1,0xE5DFD3,0xDFDDCB,0xEAECD8,
    0x64685F,0x1D2124,0x2C3036,0x292D37,0x292E34,0x2A2E32,0x292E34,0x292E34,
    0x282D34,0x282D34,0x292E34,0x292E34,0x292E34,0x2A2F34,0x2A3037,0x1C2024,
    0x888984,0xEFEDDE,0xE0DCCA,0xE2DFD0,0xE2DFD0,0xE2DFD0,0xE2DFD0,0xE0DDCD,
    0xE8E3D0,0xCFCDC2,0x333538,0x252A31,0x2A2F35,0x292E34,0x292E34,0x292E34,
    0x292E34,0x292E34,0x282D33,0x282D33,0x282D33,0x282D33,0x282D33,0x282D33,
    0x2A2D34,0x2A2D34,0x2A2D34,0x2A2D34,0x2B2E35,0x2B2E35,0x2B2E35,0x2B2E35,
    0x2B2E35,0x2A2E36,0x2A2E36,0x2A2E36,0x2A2E36,0x2B2E35,0x22262B,0xB7B9B5,
    0xFFFFF3,0xF5F1E6,0xF7F3E9,0xF7F3E9,0xF7F3E9,0xF7F3E9,0xF4F1E5,0xFFFFF4,
    0xBFBEB9,0x262629,0x31343A,0x32353A,0x32353A,0x32353A,0x32353C,0x32353C,
    0x31353B,0x31353B,0x31353B,0x31353B,0x31343B,0x31343B,0x313538,0x34383D,
    0x24262E,0xA0A29E,0xFFFFF8,0xF4F0E5,0xF8F3EA,0xF9F2EA,0xF9F2EA,0xF7F3EA,
    0xF7F3EA,0xF7F3EA,0xF7F3EA,0xF4F1E6,0xFFFFF4,0xC3C3BD,0x2C2D2F,0x313439,
    0x32353A,0x32363B,0x32353A,0x32353A,0x34353A,0x33353A,0x33353A,0x34363B,
    0x2E3136,0x292C31,0x2A2D32,0x2A2D32,0x2A2D32,0x2A2D32,0x2A2D32,0x2A2D32,
    0x292D31,0x2C2F34,0x212126,0x9E9D97,0xF1EFE0,0xE2DCCE,0xE5DFD0,0xE5DFD1,
    0xE5DFD1,0xE4E0D1,0xE3E0D1,0xE3E0D1,0xE4E0D1,0xE1DDCE,0xF0EEDF,0xA2A399,
    0x1C1F1F,0x292C32,0x2A2C34,0x2B2D35,0x2A2C34,0x2A2D33,0x2B2D32,0x2B2D32,
    0x2B2D32,0x2B2D32,0x2B2C33,0x2B2C33,0x2B2C34,0x2B2C34,0x2B2E35,0x1E2021,
    0xA2A39A,0xEFEDDE,0xE0DDCE,0xE3E0D1,0xE3E0D1,0xE3E0D1,0xE3E0D1,0xE0DDCC,
    0xE8E7D7,0xBBBCB5,0x282A2F,0x2A2E35,0x2A2F34,0x2A2F35,0x292E34,0x292E34,
    0x292E34,0x292E34,0x292E34,0x292E35,0x292D35,0x292D35,0x292D35,0x292D35,
    0x2A2D34,0x2A2D34,0x2A2D34,0x2A2D34,0x2B2E35,0x2B2E35,0x2B2E35,0x2B2E35,
    0x2B2E36,0x2A2E37,0x2A2E37,0x2A2E37,0x2A2E37,0x2C2F38,0x1C2126,0x999C99,
    0xFFFFF6,0xF4F0E5,0xF7F3E8,0xF7F3E8,0xF7F3E8,0xF7F3E9,0xF5F2E6,0xFEFCEF,
    0xD9D8D2,0x2E2E31,0x2F3237,0x33363B,0x32353A,0x32353A,0x32353C,0x32353C,
    0x31343B,0x31343B,0x31343B,0x31343B,0x31343B,0x31343B,0x303538,0x33383B,
    0x2E3138,0x313333,0xE0E0D9,0xFBF9F1,0xF5F1E9,0xF9F2EA,0xF9F2EA,0xF7F3EA,
    0xF7F3EA,0xF7F3EA,0xF7F3EA,0xF6F4E9,0xF3F1E4,0xFFFFF7,0x7E7E7B,0x232428,
    0x35383D,0x32353A,0x32353A,0x33353A,0x34353A,0x34353A,0x34353A,0x35363B,
    0x2E3136,0x292C31,0x2A2D32,0x2A2D32,0x2A2D32,0x2A2D32,0x2A2D32,0x2A2D32,
    0x2C2F34,0x212327,0x636361,0xEBEADE,0xE0DDCC,0xE6DFD1,0xE5DFD1,0xE5DFD1,
    0xE5DFD1,0xE3E0D1,0xE3E0D1,0xE3E0D1,0xE2DFD0,0xE5E3D4,0xD6D5CB,0x323432,
    0x23272A,0x2B2F35,0x2A2D34,0x2A2D34,0x2A2D34,0x2A2D34,0x2C2D32,0x2C2D32,
    0x2C2D32,0x2C2D32,0x2C2C34,0x2C2C34,0x2C2C34,0x2D2C35,0x2C2C34,0x222423,
    0xBCBDB3,0xECEADB,0xE1DECF,0xE3E0D1,0xE3E0D1,0xE3E0D1,0xE3E0D1,0xE0DCCC,
    0xEBEBDC,0xA1A29D,0x202228,0x2A2F36,0x292E34,0x2A2F35,0x292E34,0x292E34,
    0x292E34,0x292E34,0x292E34,0x292E35,0x292D36,0x292D36,0x292D36,0x292D36,
    0x2A2D34,0x2A2D34,0x2A2D34,0x2A2D34,0x2A2D34,0x2A2D34,0x2A2D34,0x2A2D34,
    0x2A2D35,0x292D36,0x292D36,0x292D36,0x282C35,0x2B2D39,0x1B2027,0x767877,
    0xFFFFF7,0xF5F1E6,0xF7F3E8,0xF7F3E8,0xF7F3E8,0xF7F3E9,0xF6F3E7,0xF8F7EB,
    0xF2F1EB,0x414144,0x2B2E34,0x33363B,0x32353A,0x32353A,0x31343B,0x31343B,
    0x31343B,0x31343B,0x31353C,0x31353C,0x32353C,0x32353C,0x31363A,0x323639,
    0x34373C,0x242629,0x6C6D6D,0xFDFCF9,0xF4F2EC,0xF7F4EB,0xF7F3E8,0xF7F3EA,
    0xF7F3EA,0xF7F3EA,0xF7F3EA,0xF8F3EA,0xF6F2E6,0xF9F7EC,0xE9E8E2,0x3E3F41,
    0x2D3037,0x34373C,0x32353A,0x32353A,0x32353A,0x32353A,0x32353A,0x32353A,
    0x2C3135,0x282D31,0x292E32,0x292E32,0x292E32,0x2A2F33,0x2A2F33,0x2A3034,
    0x2A2E32,0x2B2C2C,0xCAC9C0,0xEAE7D7,0xE2DDCC,0xE5DFD1,0xE5DFD1,0xE5DFD1,
    0xE5DFD1,0xE3E0D1,0xE3E0D1,0xE3E0D1,0xE1DDCF,0xEFEEE1,0x737470,0x1C1D23,
    0x2A3034,0x282F31,0x292E34,0x292E34,0x292E34,0x292E34,0x2A2D32,0x2A2D32,
    0x2A2D32,0x2A2D32,0x2A2D34,0x2A2D34,0x2A2D34,0x2B2E35,0x282B31,0x2F3131,
    0xD4D5CB,0xE8E6D7,0xE2DFCF,0xE3E0D1,0xE3E0D1,0xE2DFD0,0xE2DFD0,0xDFDCCB,
    0xECECDC,0x84857F,0x1C1E24,0x2A2F36,0x282D33,0x292E34,0x292E34,0x292E34,
    0x292E34,0x282D33,0x282D33,0x282D34,0x282C35,0x282C35,0x282C35,0x282C35,
    0x2A2D34,0x2A2D34,0x2A2D34,0x2A2D34,0x2A2D34,0x2A2D34,0x2A2D34,0x2A2D34,
    0x2A2D35,0x292D36,0x292D36,0x282B34,0x272A34,0x2A2B38,0x1E222B,0x545657,
    0xF9F6ED,0xF8F4E9,0xF6F2E8,0xF7F3E8,0xF7F3E8,0xF7F3E9,0xF6F3E8,0xF5F3E8,
    0xFFFEF9,0x5F5F61,0x272A2F,0x34373C,0x32353A,0x32353B,0x31343B,0x31343B,
    0x32343B,0x31343A,0x31343A,0x31343A,0x31343A,0x31343A,0x31343A,0x323639,
    0x313438,0x35363C,0x25262B,0xA6A6A5,0xFFFFFC,0xF4F1E7,0xF7F3E8,0xF7F3EA,
    0xF7F3EA,0xF7F3EA,0xF7F3EA,0xF9F2EA,0xF8F3E8,0xF5F1E5,0xFFFFF9,0xB2B2B0,
    0x282B2E,0x36383D,0x33343A,0x33353B,0x31363B,0x31363B,0x31363A,0x31363A,
    0x2C3136,0x272E32,0x282E33,0x282E33,0x282F32,0x283034,0x282E34,0x2B3236,
    0x1D1F22,0x8A8985,0xF2F0E3,0xE1DDCB,0xE4DFCD,0xE5DFD1,0xE5DFD1,0xE5DFD1,
    0xE5DFD1,0xE3E0D1,0xE3DFD0,0xE2DECE,0xEFECDC,0xAEAFA4,0x242627,0x2A2C35,
    0x282E33,0x272E31,0x272E34,0x272E34,0x272E34,0x272E34,0x292E33,0x292E33,
    0x292E33,0x292E33,0x292E34,0x292E34,0x292E34,0x2B3036,0x23252C,0x454646,
    0xE7E7DC,0xE3E1D2,0xE2DFD1,0xE3E0D1,0xE3E0D1,0xE2DFD0,0xE2DFD0,0xDFDDCC,
    0xE7E7D9,0x63655F,0x1E2026,0x2A2E35,0x282C33,0x292D34,0x292E34,0x292E34,
    0x292E34,0x282D33,0x282D33,0x282D34,0x282C35,0x282C35,0x282C35,0x282C35,
    0x2A2D34,0x2A2D34,0x2A2D34,0x2A2D34,0x2A2D34,0x2A2D34,0x2B2E35,0x2B2E35,
    0x2B2E35,0x2A2D36,0x2A2D36,0x292C35,0x2A2B35,0x2C2A38,0x242630,0x39393C,
    0xE9E5E0,0xFCF8EF,0xF7F3EA,0xF7F3EA,0xF7F3EA,0xF7F3EA,0xF6F3EA,0xF4F1EA,
    0xFFFFFE,0x878885,0x222629,0x34383B,0x32353B,0x32353C,0x34353A,0x34353A,
    0x34353A,0x333439,0x333439,0x333439,0x333439,0x333439,0x333439,0x333439,
    0x333439,0x34353A,0x303136,0x373839,0xE6E6DF,0xFBF9F0,0xF5F0E7,0xF7F3E8,
    0xF7F3E8,0xF7F3E8,0xF7F3E8,0xF7F3E8,0xF7F3E8,0xF7F3E8,0xF6F1E6,0xFFFFF4,
    0x70716B,0x27262B,0x38363F,0x35343C,0x31343B,0x31343B,0x31343B,0x32343C,
    0x2F2F38,0x2A2A34,0x2B2B35,0x2B2B35,0x292D32,0x292E36,0x2C2E38,0x212228,
    0x52514C,0xE5E1D4,0xE3E0D2,0xE3E0CF,0xE4E0CF,0xE5DFCF,0xE5DFCF,0xE5DFCF,
    0xE5DFCF,0xE3E0D2,0xE3DCCC,0xE8E3D2,0xDFDED0,0x383B39,0x22262B,0x2B2D33,
    0x2A2C35,0x292C34,0x282C33,0x282C33,0x282C33,0x282C33,0x292C33,0x292C33,
    0x292C33,0x292C33,0x292C33,0x292C33,0x292C33,0x2C2F36,0x1F1E27,0x656363,
    0xF1F0E1,0xE1DECF,0xE3DED3,0xE3E0D1,0xE3E0D1,0xE3E0D1,0xE2DFCF,0xE3E2CF,
    0xDCDDD2,0x454644,0x21242B,0x2A2D34,0x292C33,0x292C33,0x2A2D34,0x2A2D34,
    0x2A2D34,0x2A2D34,0x2B2E35,0x2B2E35,0x2A2D34,0x2A2D34,0x2A2D34,0x2A2D34,
    0x292C33,0x292C33,0x292C33,0x292C33,0x292C33,0x292C33,0x292C33,0x292C33,
    0x292C33,0x292C35,0x292C35,0x292C35,0x292B35,0x2B2B35,0x2A2D37,0x222428,
    0xCBC8C5,0xFFFEF5,0xF5F2E8,0xF7F3EA,0xF7F3EA,0xF7F3E9,0xF6F4E8,0xF5F2E9,
    0xFFFFF9,0xB3B4B0,0x25292D,0x33373A,0x313439,0x31343B,0x313338,0x313338,
    0x313338,0x313237,0x313338,0x313338,0x313338,0x313338,0x313238,0x313238,
    0x313337,0x323339,0x34373B,0x202425,0x767774,0xFFFFFA,0xF3F0E6,0xF7F3E8,
    0xF7F3E8,0xF7F3E8,0xF7F3E8,0xF7F3E8,0xF7F3E8,0xF7F3E8,0xF6F1E6,0xFAF8EE,
    0xE0E0D9,0x393939,0x313137,0x33353D,0x30333A,0x31343A,0x30333A,0x31333A,
    0x2E2E35,0x2A2A31,0x2A2B32,0x2A2B32,0x292C30,0x2A2C33,0x2B2C31,0x29292A,
    0xC7C5BD,0xEBE7DA,0xE0DDCF,0xE3E0CF,0xE3DFCE,0xE5DFCF,0xE5DFCF,0xE5DFCF,
    0xE5DFCF,0xE3E0D0,0xE1DBCB,0xF1EDE0,0x7A7C75,0x15191B,0x2C2F35,0x282B31,
    0x282B32,0x282B31,0x282A31,0x282A31,0x282A31,0x282A31,0x282B32,0x282B32,
    0x282B32,0x282B32,0x282C32,0x282C32,0x282B33,0x2C2F36,0x1D1D22,0x8D8C87,
    0xF2F1E0,0xE1DECE,0xE3DED3,0xE3E0D1,0xE3E0D1,0xE3E0D1,0xE1DFCF,0xE7E5D5,
    0xC9C9C0,0x2B2C2D,0x262931,0x282B33,0x282B32,0x282B32,0x282B32,0x292C33,
    0x282B32,0x282B32,0x292C33,0x292C33,0x282B32,0x282B32,0x282B32,0x282B32,
    0x292C33,0x292C33,0x292C33,0x292C33,0x292C33,0x292C33,0x292C33,0x292C33,
    0x292C33,0x282B34,0x282B34,0x292C35,0x292C34,0x2A2B32,0x2D333A,0x1A1E23,
    0xA5A4A2,0xFFFFFA,0xF4F0E6,0xF7F3EA,0xF7F3EA,0xF8F4E8,0xF7F5E8,0xF6F4E8,
    0xFBFBF0,0xD8D9D5,0x34383C,0x303437,0x31343A,0x31343B,0x303439,0x303439,
    0x303438,0x303438,0x303438,0x303438,0x303438,0x303438,0x303438,0x303438,
    0x2F3438,0x303438,0x2F3437,0x32373A,0x282B2D,0xB7B7B2,0xFFFEF3,0xF4F0E5,
    0xF7F3E8,0xF7F3E8,0xF7F3E8,0xF7F3E8,0xF7F3E8,0xF7F3E8,0xF7F3E8,0xF4F0E7,
    0xFFFFF9,0x9F9F99,0x232629,0x343841,0x31343B,0x31343B,0x31343B,0x31333A,
    0x2E2F33,0x2B2C30,0x2B2C30,0x2B2C30,0x2B2C30,0x303136,0x1E1D20,0x7E7E79,
    0xF1EFE3,0xDFDBCF,0xE3DFD1,0xE3E0CF,0xE3DFCE,0xE5DFCF,0xE5DFCF,0xE5DFCF,
    0xE5DFCF,0xE1DECD,0xECE6D7,0xBBB9B0,0x24292A,0x282C35,0x2A2D35,0x292B31,
    0x282B2F,0x292B30,0x2A2A32,0x2A2A32,0x2A2A32,0x2A2A32,0x282B32,0x282B32,
    0x292C33,0x292C33,0x292C33,0x292C33,0x292C33,0x2B2E35,0x252528,0xB3B3A9,
    0xEDEDDA,0xE2E0D0,0xE3DFD4,0xE3E0D1,0xE3E0D1,0xE3E0D1,0xE1DECF,0xEDEBDD,
    0xADADA5,0x202023,0x2B2D38,0x292C35,0x282B32,0x292C33,0x292C33,0x292C33,
    0x292C33,0x292C33,0x292C33,0x292C33,0x292C33,0x292C33,0x292C33,0x292C33,
    0x292C33,0x292C33,0x292C33,0x292C33,0x292C34,0x292C35,0x292C35,0x292C35,
    0x292C35,0x292B35,0x292B36,0x292C36,0x2A2D37,0x2A2D37,0x2F343D,0x1B2025,
    0x747778,0xFFFFFB,0xF3F0E7,0xF7F4EB,0xF8F4E9,0xF7F3E8,0xF7F4E8,0xF7F4E8,
    0xF7F5E9,0xF8F6EF,0x555657,0x272B2F,0x32353D,0x32333B,0x31343A,0x31343A,
    0x31353A,0x31353A,0x30343B,0x30343B,0x30343B,0x30343B,0x31353C,0x31353C,
    0x31353B,0x31353C,0x31353B,0x31353A,0x2B2F33,0x404341,0xE9EAE3,0xF9F5EB,
    0xF6F2E6,0xF7F3E8,0xF6F3EA,0xF7F3E9,0xF7F3E8,0xF7F3E8,0xF7F3E8,0xF6F2E8,
    0xF5F2E7,0xF9F9F0,0x5C5D5C,0x25272D,0x32353B,0x32343A,0x313439,0x313539,
    0x2D3035,0x282C31,0x292D32,0x292C32,0x2A2E33,0x232629,0x464544,0xE1DFD4,
    0xE5E1D2,0xE2DFD1,0xE3E0D1,0xE3E0D0,0xE3E0D0,0xE4E0D0,0xE3DFD0,0xE4E0D0,
    0xE3DFCF,0xE4DFCD,0xE5E1D6,0x484946,0x1E2428,0x272D33,0x282C34,0x282C32,
    0x282D31,0x282C32,0x282B32,0x282B32,0x282B32,0x282B32,0x292D33,0x292D33,
    0x282C32,0x282C32,0x272D30,0x282D33,0x2A2D35,0x24272E,0x3B3B39,0xD9D8CA,
    0xE6E5D2,0xE3E0CF,0xE4DFD3,0xE3E0D1,0xE3E0D1,0xE3E0D1,0xE0DDCD,0xF2EFDF,
    0x888883,0x1A1B23,0x30313C,0x2A2C34,0x292C33,0x292C33,0x292C33,0x282D33,
    0x282D33,0x282D33,0x292D34,0x292D34,0x282C34,0x282C34,0x282C34,0x282C34,
    0x292C33,0x292C33,0x292C33,0x292C33,0x292C34,0x292C35,0x292C35,0x292C35,
    0x292C35,0x292C35,0x292C35,0x292C35,0x292C36,0x2B2F3B,0x2F333C,0x20252A,
    0x4A4F52,0xF7F7F1,0xF5F4EA,0xF7F4EA,0xF8F4E9,0xF7F3E8,0xF7F3E8,0xF7F4E9,
    0xF5F1E6,0xFFFFF8,0x878683,0x212528,0x31343C,0x33333B,0x31343B,0x31343B,
    0x31343B,0x31343B,0x30333B,0x30333B,0x30333B,0x30333B,0x31343C,0x31343C,
    0x31343C,0x31343C,0x31343C,0x32353C,0x373A3E,0x1E2223,0x7C807E,0xFFFFFB,
    0xF2EFE3,0xF6F3E7,0xF7F3EC,0xF7F3E9,0xF7F3E8,0xF7F3E8,0xF7F3E8,0xF7F3E8,
    0xF4F1E4,0xFDFCF0,0xD1D0CA,0x2D2D2F,0x2F3237,0x32363A,0x313438,0x323539,
    0x2C3036,0x272C32,0x272C32,0x272C32,0x272D32,0x1F2424,0xB7B8B0,0xEEEADC,
    0xE0DCCD,0xE3E0D1,0xE3E0D1,0xE3E0D1,0xE3E0D1,0xE3E0D1,0xE2DFD0,0xE3E0D1,
    0xDFDCCE,0xF1EDDE,0x87857F,0x161719,0x2A2F33,0x262C31,0x282D33,0x282D33,
    0x282D33,0x282D33,0x272C32,0x272C32,0x272C32,0x272C32,0x282D33,0x282D33,
    0x282D33,0x282D33,0x262E30,0x282D33,0x2A2D36,0x1E2026,0x686963,0xECEADC,
    0xE1DFCD,0xE4DFCF,0xE4DFD2,0xE3E0D1,0xE3E0D1,0xE3E0D1,0xE1DECE,0xEDEAD9,
    0x5B5B5A,0x1A1D28,0x31323B,0x2A2D34,0x282C33,0x292C33,0x292C33,0x282D33,
    0x282D33,0x282D33,0x282D33,0x282D34,0x282C35,0x282C35,0x282C35,0x282C35,
    0x292C33,0x292C33,0x292C33,0x292C33,0x292C33,0x292C33,0x292C33,0x292C33,
    0x292C33,0x292C33,0x292C33,0x2A2D34,0x292D34,0x2B2F38,0x2C3138,0x272C32,
    0x2A2F34,0xD4D5CF,0xFDFBF2,0xF5F2E8,0xF8F4E9,0xF8F4E9,0xF8F4E9,0xF7F3E9,
    0xF4F1E6,0xFFFEF4,0xBCBCB6,0x24282A,0x303338,0x343439,0x31343B,0x31343B,
    0x30333A,0x30333A,0x313439,0x313439,0x303338,0x313439,0x313439,0x313439,
    0x313439,0x313439,0x31343A,0x32353B,0x313439,0x303438,0x282B2E,0xBFBFBC,
    0xFEFEF6,0xF4F2E5,0xF7F3EA,0xF7F3E9,0xF7F3E8,0xF7F3E8,0xF7F3E8,0xF8F3E9,
    0xF8F5E8,0xF3F1E3,0xFFFFFA,0x8A8A87,0x222628,0x35393C,0x31343A,0x32353C,
    0x2C3137,0x272C32,0x272C31,0x2A2F35,0x1E2024,0x6F706A,0xF1F0E1,0xE1DECF,
    0xE3E0D2,0xE3E0D1,0xE3E0D1,0xE3E0D1,0xE3E0D1,0xE3E0D1,0xE2DFD0,0xE1DECF,
    0xEAE7D8,0xC4C3B9,0x2B2B2A,0x26292E,0x282D32,0x282D32,0x282D33,0x282D33,
    0x282D33,0x282D33,0x272C32,0x272C32,0x272C32,0x272C32,0x282D33,0x282D33,
    0x282D33,0x282D33,0x262D33,0x292E37,0x2B2E36,0x1B1F22,0x9FA09A,0xEFEDDF,
    0xE0DFCC,0xE4DFD0,0xE4DFD2,0xE3E0D1,0xE3E0D1,0xE3E0D1,0xE5E2D3,0xDAD8CC,
    0x393B3C,0x222731,0x2B2F37,0x2B2D34,0x2A2D34,0x292C33,0x292C33,0x282D33,
    0x282D33,0x282D33,0x282D33,0x282D34,0x282C35,0x282C35,0x282C35,0x282C35,
    0x292C33,0x292C33,0x292C33,0x292C33,0x292C32,0x292C31,0x292C31,0x292C31,
    0x292C31,0x292C31,0x292C31,0x2A2D32,0x292D33,0x282E33,0x292E34,0x2A2E36,
    0x1A1E26,0xA0A19B,0xFFFFF8,0xF4F1E7,0xF8F4E9,0xF8F4E9,0xF8F4E9,0xF7F3E8,
    0xF6F2E7,0xFAF6EB,0xECECE4,0x3D4141,0x2A2D31,0x343539,0x31343B,0x31343B,
    0x30333A,0x30333A,0x313438,0x313538,0x303437,0x313538,0x313538,0x313538,
    0x313538,0x313538,0x313538,0x313439,0x31343A,0x32353C,0x2B2E34,0x434647,
    0xECEEE8,0xF7F7EC,0xF6F1E8,0xF7F3E9,0xF7F3E8,0xF7F3E8,0xF7F3E8,0xF8F3EA,
    0xF8F5E9,0xF6F4E5,0xF8F7EB,0xEFF0EA,0x4F5352,0x2C2F32,0x33363D,0x32353E,
    0x2C3137,0x272C32,0x282D33,0x23292F,0x3A3A3B,0xD7D5CA,0xE8E7D3,0xE2E0D0,
    0xE3E0D3,0xE3E0D1,0xE3E0D1,0xE3E0D1,0xE3E0D1,0xE3E0D1,0xE1DECE,0xE4E0D1,
    0xE6E4D5,0x4F514C,0x202325,0x2A2D34,0x272C32,0x272C31,0x272C32,0x272B32,
    0x272C32,0x272B32,0x262B31,0x262B31,0x262B31,0x262B31,0x272C32,0x272C32,
    0x272B32,0x272C32,0x262C33,0x292E37,0x252830,0x2A2D2E,0xCDCDC6,0xE8E6D8,
    0xE1E0CD,0xE4DFD0,0xE4DFD2,0xE3E0D1,0xE3E0D1,0xE1DECF,0xECE9DA,0xB4B3AA,
    0x23262A,0x272D37,0x282E34,0x292D33,0x292C34,0x292C33,0x292C33,0x282D33,
    0x282D33,0x282D33,0x282D33,0x282D34,0x282C35,0x282C35,0x282C35,0x282C35,
    0x282B34,0x282B34,0x282B34,0x282B34,0x282B33,0x282B32,0x282B32,0x282B32,
    0x282B32,0x282B32,0x282B32,0x292B32,0x292D33,0x272D33,0x272E34,0x272E34,
    0x161D23,0x5D615D,0xFCFDF4,0xF4F4E7,0xF7F3E9,0xF7F3EA,0xF7F3EA,0xF7F3EA,
    0xF7F3EA,0xF3F0E5,0xFFFFF8,0x727273,0x24252A,0x33373B,0x303338,0x303338,
    0x313439,0x313439,0x333439,0x333439,0x333439,0x333439,0x323439,0x313439,
    0x313439,0x313439,0x313439,0x313439,0x313439,0x313439,0x35383E,0x1E2024,
    0x888984,0xFFFFFC,0xF4EEE8,0xF7F3E9,0xF7F3E8,0xF7F3E8,0xF7F3E8,0xF7F3E8,
    0xF7F3E8,0xF7F3E8,0xF4F1E5,0xFFFEF4,0xC6C6BD,0x292A2C,0x2E3138,0x30353A,
    0x2D3036,0x282C34,0x272A31,0x1B2021,0xA6A59A,0xF0ECDD,0xE2DFCF,0xE3E0D1,
    0xE3DFD0,0xE5DFD1,0xE5DFD1,0xE5DFD1,0xE5DFD2,0xE4E0D1,0xDDDBC5,0xF3F0E0,
    0x8E8B87,0x16171B,0x2D2F34,0x282A2F,0x292A2F,0x292A31,0x292A31,0x292A32,
    0x292A32,0x292A32,0x2A2A32,0x2A2B32,0x292A31,0x292A31,0x292B30,0x292B30,
    0x2A2B30,0x2A2B30,0x292B30,0x2A2D33,0x202125,0x585352,0xECE7DD,0xE1DECF,
    0xE3E0D1,0xE3E0D1,0xE3E0D2,0xE3DFD4,0xE3E0D2,0xE1DECE,0xF0EEDC,0x7D7F76,
    0x191B21,0x292B38,0x272C32,0x272C31,0x272C32,0x272C32,0x272C32,0x272C32,
    0x282D33,0x282D33,0x282D33,0x282D33,0x292C33,0x292C33,0x282B32,0x282B32,
    0x282B34,0x282B34,0x282B34,0x282B34,0x272A32,0x272A31,0x272A31,0x272A31,
    0x272A31,0x272A31,0x282B32,0x282B32,0x262930,0x262B31,0x262B31,0x272C32,
    0x21262C,0x2D3132,0xDDDFD8,0xFBFBEF,0xF6F2E7,0xF7F3EA,0xF7F3EA,0xF7F3EA,
    0xF7F3EA,0xF4F1E6,0xFFFFF6,0xB2B2AF,0x252629,0x32363A,0x303338,0x303338,
    0x313439,0x313439,0x333439,0x333439,0x333439,0x323338,0x313439,0x313439,
    0x313439,0x313439,0x313439,0x313439,0x313439,0x313439,0x32353A,0x2E3135,
    0x2F302F,0xCCCBC6,0xFFFCF6,0xF4F0E6,0xF7F3E8,0xF7F3E8,0xF7F3E8,0xF7F3E8,
    0xF7F3E8,0xF7F3E8,0xF7F3E8,0xF5F1E5,0xFFFFF9,0x7D7C7A,0x202226,0x33373C,
    0x2C2F35,0x2C2F35,0x1C1E21,0x60615D,0xEFEDE0,0xE0DDCE,0xE3E0D1,0xE3E0D1,
    0xE4E0D1,0xE5DFD1,0xE5DFD1,0xE5DFD1,0xE5DFD1,0xE3DDCE,0xE8E6D4,0xC9C9BD,
    0x2B2B2A,0x24242A,0x2C2D32,0x2A2B30,0x2A2B30,0x2A2B30,0x2A2B30,0x2A2B30,
    0x2A2B30,0x2A2B30,0x2A2B30,0x2A2B30,0x2A2B30,0x2A2B30,0x2A2B30,0x2A2B30,
    0x2A2B30,0x2A2B30,0x2A2B30,0x2B2E34,0x1D1E20,0x928E88,0xF0EBDE,0xE0DDCE,
    0xE3E0D1,0xE3E0D1,0xE3E0D2,0xE3E0D2,0xE3E0D1,0xE5E2D2,0xDFDCCE,0x41423F,
    0x1E2027,0x272935,0x262A32,0x272C32,0x272C32,0x272C32,0x272C32,0x262B31,
    0x272C32,0x272C32,0x272C32,0x272C32,0x282B32,0x282B32,0x272A31,0x272A31,
    0x282B34,0x282B34,0x282B34,0x282B34,0x282B33,0x282B32,0x282B32,0x282B32,
    0x282B32,0x282B32,0x282B32,0x282B32,0x292B32,0x282A31,0x25282F,0x25282E,
    0x282A32,0x171A1F,0xA8AAA7,0xFFFFFB,0xF4F1E5,0xF7F3E9,0xF7F3EA,0xF7F3EA,
    0xF7F3EA,0xF6F3E9,0xF8F7EB,0xEAEBE2,0x424443,0x2B2E33,0x303338,0x313439,
    0x313439,0x313439,0x333439,0x333439,0x323338,0x323338,0x313338,0x303338,
    0x303338,0x303338,0x303338,0x303338,0x303338,0x313439,0x303438,0x32383A,
    0x2B2E31,0x535352,0xF3F2EA,0xF7F3E8,0xF7F3E8,0xF7F3E8,0xF7F3E8,0xF8F4E9,
    0xF8F4E9,0xF8F4E9,0xF8F4E9,0xF7F3E9,0xF9F5ED,0xE8E7DF,0x434444,0x2E3037,
    0x2D3035,0x28292E,0x343333,0xCDCBC2,0xE8E5D6,0xE2DFD0,0xE3E0D1,0xE3E0D1,
    0xE4E0D1,0xE5DFD1,0xE5DFD1,0xE5DFD1,0xE5DFD0,0xE2DCCC,0xEAE7DC,0x5A5C57,
    0x1C1F21,0x2B2C31,0x2B2B30,0x2A2B30,0x2A2B30,0x2A2B2F,0x2A2B2F,0x2A2B2F,
    0x2A2B2F,0x2A2B2F,0x2A2B2F,0x2A2B2F,0x2A2B2F,0x2A2B2F,0x2A2B30,0x2A2B30,
    0x2A2B30,0x2A2B30,0x2B2B32,0x272A2F,0x323433,0xCFCBC1,0xE7E3D4,0xE2E0D0,
    0xE3E0D1,0xE3E0D1,0xE3E0D0,0xE3E0D0,0xE0DDCE,0xEEEADD,0xBBB7AD,0x202024,
    0x282931,0x262932,0x262A33,0x272B33,0x282D32,0x272C32,0x272C32,0x272C32,
    0x272C32,0x272C32,0x272C32,0x272C32,0x282B32,0x282B32,0x282B32,0x282B32,
    0x282B35,0x282B35,0x282B35,0x282B35,0x282B34,0x282B33,0x282B34,0x282B34,
    0x282B33,0x292C33,0x292C33,0x282B33,0x292C33,0x282A32,0x282A32,0x272931,
    0x2A2C34,0x151620,0x686969,0xFFFFFB,0xF4F0E5,0xF7F3EA,0xF7F3EA,0xF7F3EA,
    0xF7F3EA,0xF7F3E9,0xF4F0E4,0xFFFFF8,0x848582,0x22252A,0x32353A,0x31343A,
    0x30333A,0x30333A,0x323439,0x323439,0x303337,0x303237,0x303238,0x2F323A,
    0x2F323A,0x2F323A,0x2F3239,0x2F3238,0x2F3238,0x303339,0x303339,0x2F333A,
    0x34373E,0x202325,0x92928E,0xFFFFF9,0xF3EFE4,0xF7F3E8,0xF8F3E8,0xF8F3E9,
    0xF8F4E9,0xF8F4E9,0xF8F4E9,0xF8F4E9,0xF4F0E5,0xFFFFF7,0xB5B5B2,0x28292D,
    0x2F3338,0x1E1F22,0x999892,0xF1EDDF,0xE1DECE,0xE3E0D1,0xE3E0D1,0xE3E0D1,
    0xE4E0D1,0xE4DFD1,0xE4DFD1,0xE4E0D1,0xE1DCCD,0xF2ECDD,0x979690,0x16191B,
    0x292E34,0x282930,0x292B30,0x292B31,0x292B31,0x292B30,0x292B2F,0x292B2F,
    0x292B2F,0x292B2F,0x292B2F,0x292B2F,0x292B2F,0x292B30,0x292B30,0x292B30,
    0x292B31,0x292B31,0x2B2C35,0x1E2127,0x676966,0xEDEBDD,0xE1DDCD,0xE4E0D1,
    0xE4E0D1,0xE4E0D1,0xE3DFD0,0xE3E0D0,0xDEDCCB,0xF3F1E4,0x7D7C76,0x16161F,
    0x2C2E36,0x272A32,0x272A34,0x272B33,0x282C32,0x272C32,0x272C32,0x272C32,
    0x272C32,0x272C32,0x272C32,0x272C32,0x282B32,0x282B32,0x282B32,0x282B32,
    0x282B34,0x282B34,0x282B35,0x282B35,0x282B35,0x282B35,0x282B35,0x282B35,
    0x282B35,0x282B34,0x282B34,0x282B34,0x272A33,0x272A33,0x282B34,0x282B34,
    0x292C35,0x23232F,0x39393B,0xE9E7DF,0xFAF6ED,0xF6F2E9,0xF7F3EA,0xF7F3EA,
    0xF7F3EA,0xF8F3E9,0xF7F0E6,0xFDFCF1,0xCECDC9,0x292A2C,0x2D3035,0x31343B,
    0x2F323A,0x2F323C,0x2F323A,0x2F323A,0x2F323A,0x2F323A,0x2F323B,0x2F323C,
    0x2F323C,0x2F323C,0x2F323B,0x2F3239,0x2F3239,0x2F3239,0x2F323A,0x2F313D,
    0x32353D,0x2E3136,0x2F3336,0xD3D3D0,0xFDFBF1,0xF4F1E4,0xF8F2E9,0xF8F2E9,
    0xF7F3E8,0xF7F3E8,0xF8F4E9,0xF8F4E8,0xF5F4E7,0xF2F2E8,0xFEFEFA,0x6C6C69,
    0x0A0C11,0x565755,0xEDECE1,0xE2DFCE,0xE3E0CF,0xE3E0D1,0xE3E0D1,0xE3E0D1,
    0xE3E0D1,0xE3E0D1,0xE3E0D1,0xE2DFD0,0xE8E4D5,0xD4D0C5,0x303231,0x20232A,
    0x292A33,0x252830,0x262A31,0x262A31,0x262A31,0x272A31,0x272A31,0x262930,
    0x262930,0x262931,0x262A31,0x262A31,0x262A31,0x262A31,0x272A31,0x272A31,
    0x262A31,0x272B32,0x242831,0x202227,0xB4B5AE,0xEBEADC,0xE2DECE,0xE5DFD1,
    0xE5DFD1,0xE5DFD1,0xE3DED1,0xE2E0D2,0xE3E0CD,0xE2E4D7,0x404545,0x1E212A,
    0x2A2D37,0x262932,0x282B34,0x282B33,0x282B32,0x282B32,0x282B32,0x282B32,
    0x282B32,0x282B32,0x282B32,0x282B32,0x282B32,0x282B32,0x282B32,0x282B32,
    0x282B33,0x282B33,0x272A32,0x272A32,0x272A32,0x272A32,0x282B33,0x282B33,
    0x282B33,0x272A33,0x282B34,0x272A33,0x272A33,0x282B34,0x272A33,0x282B34,
    0x292C35,0x2A2D37,0x1D1E24,0xA4A4A2,0xFFFFF8,0xF3F0E6,0xF7F3EA,0xF7F3EA,
    0xF7F3EA,0xF8F3EA,0xF9F2E8,0xF4F2E6,0xFBFBF6,0x5F615F,0x22252A,0x32353C,
    0x2F323B,0x2F323C,0x2F313D,0x2F313D,0x2F313D,0x2F313D,0x2F323B,0x2F3239,
    0x2F3239,0x2F3239,0x2F3239,0x2F3239,0x2F3239,0x2F3239,0x2F3238,0x2F323A,
    0x30333A,0x313439,0x25292D,0x5A5A5A,0xF5F5EF,0xF5F4E8,0xF6F3E8,0xF7F3E9,
    0xF7F3E8,0xF7F3E8,0xF7F3E8,0xF7F3E8,0xF7F3E8,0xF4F2E7,0xFBFAF2,0xD8D9D0,
    0x2D2C28,0xBCBBB4,0xEDEADE,0xE0DECE,0xE3E0D0,0xE3E0D1,0xE3E0D1,0xE3E0D1,
    0xE3E0D1,0xE3E0D1,0xE3E0D1,0xE1DECE,0xEDEADD,0x676762,0x191C1D,0x262A2F,
    0x29292E,0x26292F,0x262930,0x262930,0x262930,0x262930,0x262930,0x262930,
    0x262930,0x262930,0x262930,0x262930,0x262930,0x262930,0x262930,0x262930,
    0x262930,0x282B32,0x1D1E25,0x474845,0xEAE9DD,0xE2DFD0,0xE5DFD1,0xE5DFD1,
    0xE5DFD1,0xE5DFD1,0xE4DFD2,0xDFDDCE,0xEDEAD8,0xAEAFA6,0x1C2024,0x272A33,
    0x2B2E37,0x282B34,0x282B34,0x272A32,0x272A31,0x272A31,0x272A31,0x272A31,
    0x272A31,0x272A31,0x272A31,0x272A31,0x272A31,0x272A31,0x272A31,0x272A31,
    0x282B31,0x282B31,0x272A2F,0x272A2F,0x272A2F,0x272A2F,0x272A2F,0x272A2F,
    0x272A31,0x272A33,0x272A33,0x262932,0x282B34,0x282B34,0x272A33,0x272A33,
    0x282A33,0x282D36,0x21242D,0x555558,0xF7F7EE,0xF6F3E8,0xF7F3EA,0xF7F3EA,
    0xF7F3EA,0xF8F3EA,0xF9F2E8,0xF3F2E4,0xFFFFF9,0xB3B5B1,0x202328,0x33363D,
    0x2F323B,0x2F323C,0x2F323A,0x2F3239,0x2F3239,0x2F3239,0x2F3238,0x2F3238,
    0x2F3238,0x2F3238,0x2F3238,0x2F3239,0x2F3239,0x2F3239,0x2F3239,0x2F3237,
    0x2F3237,0x2F3238,0x33373D,0x1F1F23,0x959591,0xFFFFFA,0xF2F0E4,0xF7F4E8,
    0xF7F3E8,0xF7F3E8,0xF7F3E8,0xF8F3E8,0xF9F2E8,0xF8F3E8,0xF6F4E7,0xF7F6E9,
    0xD4D0C4,0xE0DDD0,0xE4E1D4,0xE3E0D2,0xE3E0D1,0xE3E0D1,0xE3E0D1,0xE3E0D1,
    0xE3E0D1,0xE3E0D1,0xDEDBCC,0xF2EEDE,0xA19E91,0x151819,0x272E32,0x25292E,
    0x28282B,0x27292F,0x262930,0x262930,0x262930,0x262930,0x262930,0x262930,
    0x262930,0x262930,0x262930,0x262930,0x262930,0x262930,0x262930,0x262930,
    0x262930,0x2A2D34,0x18191D,0x8D8D85,0xF5F4E0,0xE1DCCD,0xE5DFD2,0xE5DFD1,
    0xE5DFD1,0xE5DFD1,0xE4E0D2,0xDFDDCE,0xEBE8D7,0x61625C,0x1C1F27,0x2A2D36,
    0x282B33,0x282B34,0x282B34,0x272A32,0x272A31,0x272A31,0x272A31,0x272A31,
    0x272A31,0x272A31,0x272A31,0x272A31,0x272A31,0x272A31,0x272A31,0x272A31,
    0x272A31,0x272A31,0x272A30,0x272A30,0x272A30,0x272A30,0x272A30,0x272A30,
    0x272A31,0x272A32,0x272A32,0x272A31,0x272A31,0x262A33,0x272B34,0x282B34,
    0x282B34,0x282C35,0x2C3039,0x22252A,0xC0C2BC,0xFEFDF6,0xF4F0E8,0xF7F3EA,
    0xF8F2EA,0xF9F3EA,0xF8F4E9,0xF7F4E8,0xF8F5E9,0xF6F5ED,0x545958,0x25282D,
    0x30333A,0x303238,0x2F3238,0x2F3238,0x2F3238,0x2F3238,0x2F3238,0x2F3237,
    0x2F3237,0x2F3237,0x2F3238,0x2F3239,0x2F3239,0x2F3239,0x2F3239,0x2F3238,
    0x2F3238,0x2F3239,0x30333B,0x2C2F34,0x353639,0xDFDEDC,0xFBF9EF,0xF5F2E5,
    0xF7F3E8,0xF7F3E8,0xF7F3E8,0xF7F3E9,0xF8F3EA,0xF7F3E9,0xF7F3E9,0xF8F5EA,
    0xF3EEE2,0xE2DED1,0xE5E2D2,0xE3E0CF,0xE3E0D1,0xE3E0D1,0xE3E0D1,0xE3E0D1,
    0xE4DFD1,0xE2DDCE,0xE4E2D2,0xD8D6CC,0x31312F,0x1F2227,0x282C31,0x25292E,
    0x26292D,0x27292E,0x28292F,0x292A30,0x292A30,0x28292F,0x28292F,0x28292E,
    0x28292E,0x28292E,0x28292E,0x28292E,0x28292E,0x28292F,0x282A2E,0x282A31,
    0x282831,0x222329,0x3B3739,0xD9D6CA,0xE7E5D0,0xE3DFCF,0xE4DFD3,0xE3E0D1,
    0xE3E0D1,0xE3E0D1,0xE2DECF,0xE9E6D7,0xC7C4BA,0x2A292B,0x282934,0x272934,
    0x282B34,0x272A34,0x272A34,0x272A31,0x272A31,0x272A31,0x272A31,0x272A31,
    0x272A31,0x272A31,0x272A31,0x272A31,0x272A31,0x272A31,0x272A31,0x272A31,
    0x272A31,0x272A31,0x272A31,0x272A31,0x272A31,0x272A31,0x272A31,0x272A31,
    0x272A31,0x272A31,0x272A31,0x262930,0x262931,0x262A33,0x272B34,0x272B34,
    0x272B34,0x272B34,0x2D3039,0x171A20,0x686A69,0xFFFFFC,0xF3F0E6,0xF6F3EA,
    0xF8F2EA,0xF9F3EA,0xF8F4E9,0xF8F4E9,0xF4F0E5,0xFFFEF4,0xB8BAB5,0x292C2E,
    0x30333A,0x2F3237,0x2F3239,0x2F3239,0x2F3239,0x2F3239,0x2F3238,0x2F3237,
    0x2F3237,0x2F3237,0x2F3238,0x2F3239,0x2F3239,0x2F3239,0x2F3239,0x2F3239,
    0x2F3239,0x2F3239,0x2F3239,0x303439,0x26292E,0x6A6A6B,0xFAFAF2,0xF5F2E6,
    0xF7F3E8,0xF7F3E8,0xF7F3E8,0xF7F3E9,0xF7F3EA,0xF7F3EA,0xF6F2EA,0xF8F4EB,
    0xEBE7DB,0xE1DDD0,0xE3E1D1,0xE3E0CF,0xE3E0D0,0xE3E0D1,0xE3E0D1,0xE3E0D1,
    0xE4DFD0,0xE0DBCB,0xEDECDF,0x6D6E6A,0x191A1E,0x272B30,0x27292E,0x26292E,
    0x26292E,0x28292E,0x28292E,0x28292E,0x28292E,0x28292E,0x28292E,0x28292E,
    0x28292E,0x28292E,0x28292E,0x28292E,0x28292E,0x28292E,0x292A2D,0x292A30,
    0x292A30,0x1C1D20,0x938F8C,0xEEEBDD,0xE0DDCA,0xE3E0D1,0xE3DFD2,0xE3E0D1,
    0xE3E0D1,0xE3E0D1,0xDFDCCD,0xF2EFE1,0x75736F,0x18181D,0x2C2E36,0x272A33,
    0x282B34,0x272A33,0x272A33,0x272A31,0x272A31,0x272A31,0x272A31,0x272A31,
    0x272A31,0x272A31,0x272A31,0x272A31,0x272A31,0x272A31,0x272A31,0x272A31,
    0x272A31,0x272A31,0x272A31,0x272A31,0x272A31,0x272A31,0x272A31,0x272A31,
    0x272A31,0x272A31,0x272A31,0x282B32,0x272A32,0x262A33,0x272B34,0x272B34,
    0x262A33,0x262A31,0x282B36,0x252630,0x26272B,0xD4D4CD,0xFCFAF0,0xF5F1E8,
    0xF8F2EA,0xF8F2E9,0xF7F3E8,0xF7F3E8,0xF7F3E8,0xF5F2E6,0xFAFAF3,0x636262,
    0x25252C,0x32353A,0x2F3239,0x2F3239,0x2F3239,0x2F3239,0x2F3238,0x2F3237,
    0x2F3237,0x2F3237,0x2F3238,0x2F3239,0x2F3239,0x2F3239,0x2F3239,0x2F3239,
    0x2F3239,0x2F3239,0x2F3239,0x2D3336,0x31373A,0x232528,0xA7A7A3,0xFFFFF7,
    0xF4F0E4,0xF7F3E8,0xF7F3E8,0xF7F3E9,0xF7F3EA,0xF7F3EA,0xF7F3EA,0xF8F4EB,
    0xEDE9DE,0xE2DED1,0xE3E0D1,0xE3E0CF,0xE3E0D0,0xE3E0D1,0xE3E0D1,0xE3E0D2,
    0xE0DDCB,0xECEADA,0xADACA7,0x1E1F22,0x282B30,0x25282D,0x26292E,0x272A2F,
    0x272A2F,0x272A2F,0x272A2F,0x272A2F,0x272A2F,0x26292E,0x26292E,0x26292E,
    0x26292E,0x27292E,0x28292E,0x28292E,0x28292E,0x28292E,0x292A2D,0x2B2C31,
    0x202124,0x41433F,0xE5E2D6,0xE3E0D0,0xE2DFCE,0xE3E0CF,0xE4E1D2,0xE3E0D1,
    0xE3E0D1,0xE2DFD0,0xE4E2D2,0xDBDACF,0x363537,0x1F2227,0x282C30,0x272A31,
    0x272A31,0x262930,0x262930,0x272A31,0x272A31,0x282B32,0x282B32,0x272A31,
    0x272A31,0x272A31,0x272A31,0x272A31,0x272A31,0x272A31,0x272A31,0x272A31,
    0x272A31,0x272A31,0x272A31,0x272A31,0x262930,0x262930,0x262930,0x272A31,
    0x272A31,0x272A31,0x262930,0x262A30,0x252930,0x242832,0x252933,0x252933,
    0x252932,0x242930,0x272A34,0x272934,0x14161E,0x747572,0xFFFFF7,0xF4F2E7,
    0xF8F3EA,0xF8F2EA,0xF7F3E8,0xF7F3E8,0xF7F3E8,0xF5F1E6,0xFFFDF3,0xC3C2BF,
    0x27272C,0x31353B,0x2E3239,0x2F3239,0x2F3239,0x2F3239,0x2F3238,0x2F3237,
    0x2F3237,0x2F3237,0x2F3238,0x303238,0x303239,0x303239,0x303239,0x303239,
    0x303239,0x2F3238,0x2F3238,0x2D3436,0x303639,0x2C2F33,0x363838,0xE2E1DA,
    0xFBF8ED,0xF6F2E7,0xF7F3E8,0xF7F3E9,0xF7F3EA,0xF7F3EA,0xF7F3EA,0xF8F4EB,
    0xEDE9DD,0xE2DED1,0xE3E0D1,0xE3E0CF,0xE3E0D0,0xE3E0D1,0xE3E0D1,0xE3DFD0,
    0xE4E2D0,0xDBDACC,0x38383A,0x1E2128,0x272B31,0x26292E,0x272A2F,0x272A2F,
    0x272A2F,0x262A2F,0x262A2F,0x262B30,0x262B30,0x252A2F,0x252A2F,0x252A2F,
    0x252A2F,0x26292F,0x27292F,0x27292F,0x27292F,0x28292F,0x272A2E,0x2C2D33,
    0x191B1B,0x9C9F96,0xF1EFDE,0xE0DDCC,0xE3E0D0,0xE3E0D0,0xE4E1D1,0xE3E0D1,
    0xE2E0D0,0xDFDCCD,0xF0EEDF,0x8D8E87,0x13151A,0x24282F,0x262B2E,0x26292E,
    0x26292E,0x26292E,0x26292E,0x262930,0x262930,0x262930,0x262930,0x262930,
    0x262930,0x262930,0x262930,0x262930,0x262930,0x262930,0x262930,0x262930,
    0x262930,0x262930,0x25282F,0x25282F,0x262930,0x262930,0x262930,0x262930,
    0x262930,0x262930,0x262930,0x262930,0x262930,0x242832,0x242832,0x252933,
    0x252933,0x262A31,0x252A30,0x24292F,0x21272D,0x22252A,0xCFD1CC,0xFCFDF2,
    0xF6F3E8,0xF7F3EC,0xF7F3EA,0xF7F3EA,0xF7F3EA,0xF6F3EA,0xF4F1E8,0xFEFFF7,
    0x6E706E,0x22252D,0x30333B,0x303239,0x2F3239,0x2E3139,0x2F3238,0x2F3336,
    0x303337,0x303437,0x313437,0x323337,0x323337,0x323337,0x323337,0x313236,
    0x313236,0x313237,0x313236,0x2F3336,0x303337,0x323639,0x202428,0x6D6F6F,
    0xFCFDF7,0xF4F3E7,0xF8F3E8,0xF9F2EA,0xF7F3EA,0xF7F3EA,0xF7F3EA,0xF8F4EB,
    0xEDEADC,0xE2DFD0,0xE3E0D1,0xE3E0D1,0xE4E1D1,0xE3E0D0,0xE3E0CF,0xE0DDCC,
    0xEEEDDC,0x767671,0x18181F,0x292B32,0x24282C,0x25282F,0x25282F,0x25282F,
    0x25282F,0x252830,0x252830,0x252830,0x252830,0x242831,0x242831,0x242831,
    0x242831,0x242831,0x252831,0x252831,0x252831,0x252931,0x272B32,0x1F2227,
    0x535450,0xE4E5D6,0xE2E0D0,0xE3E0D1,0xE3E0D1,0xE3E0D1,0xE2E1D0,0xE1E0CF,
    0xE2DFD1,0xE9E4D7,0xD6D5CB,0x343939,0x202426,0x262930,0x262932,0x262930,
    0x262930,0x262930,0x262930,0x262930,0x262930,0x262930,0x262930,0x252A30,
    0x252A30,0x252A30,0x252A30,0x252A30,0x262930,0x262930,0x262930,0x262930,
    0x262930,0x262930,0x25282F,0x25282F,0x262930,0x262930,0x262930,0x262930,
    0x262930,0x262930,0x262930,0x262930,0x262930,0x262A32,0x262A32,0x252931,
    0x252931,0x262A31,0x252A30,0x252A30,0x292E34,0x191D23,0x6B6D6C,0xFFFFFB,
    0xF4F1E6,0xF7F3EA,0xF7F3EA,0xF7F3EA,0xF7F3EA,0xF7F3EA,0xF5F1E7,0xFAF9EE,
    0xDBDBD5,0x333537,0x2A2D34,0x2E3138,0x2D3037,0x2D3037,0x2D3036,0x2D3036,
    0x2D3036,0x2D3036,0x2E3036,0x2F3036,0x2F3036,0x2F3136,0x2F3136,0x2F3036,
    0x2F3036,0x2E3035,0x2E3035,0x2E3036,0x2E3137,0x2E3137,0x303339,0x232529,
    0xABACA9,0xFFFFF6,0xF5F1E5,0xF8F3EA,0xF7F3EA,0xF7F3EA,0xF7F3EA,0xF8F4EB,
    0xEDEADC,0xE2DFD0,0xE3E0D1,0xE3E0D1,0xE3E0D1,0xE2DFCF,0xE0DDCC,0xEDE9DB,
    0xB1AFA7,0x1F211F,0x27282E,0x27272F,0x27292D,0x25282F,0x25282F,0x25282F,
    0x25282F,0x25282E,0x25282E,0x24272E,0x24272E,0x25282E,0x26282E,0x26282E,
    0x26282E,0x25282E,0x25282E,0x25282E,0x25282E,0x25282E,0x262A2E,0x272928,
    0xBDBDB5,0xEBE9DA,0xE0DDCD,0xE3E0D1,0xE3E0D1,0xE3E0D1,0xE4E0D1,0xE3DFCF,
    0xDFDCCC,0xF3EFE4,0x81817E,0x161A1D,0x2A2D32,0x262930,0x262932,0x262930,
    0x262930,0x272A31,0x272A31,0x272A31,0x272A31,0x262930,0x262930,0x252A30,
    0x252A30,0x252A30,0x252A30,0x252A30,0x262930,0x262930,0x262930,0x262930,
    0x262930,0x262930,0x262930,0x262930,0x262930,0x262930,0x262930,0x262930,
    0x262930,0x262930,0x262930,0x262930,0x262930,0x252A2F,0x252A2F,0x252A2F,
    0x252A2F,0x252A30,0x252A30,0x262B31,0x272C32,0x292C33,0x292A2E,0xD4D4CF,
    0xFDFCF2,0xF5F1E5,0xF7F3EA,0xF7F3EA,0xF7F3EA,0xF7F3EA,0xF9F2E7,0xF3F0E2,
    0xFFFFF8,0x999A96,0x1C1E24,0x33363D,0x2E3138,0x2E3138,0x2F3239,0x2F323A,
    0x2F323A,0x2F323A,0x2F323A,0x2F323A,0x2F323A,0x2F323A,0x2F323A,0x2F323A,
    0x2F323A,0x2E3139,0x2E3139,0x2E3139,0x2E3139,0x2F323A,0x31343C,0x292C34,
    0x373A3B,0xE8EAE1,0xFAF9ED,0xF5F2E7,0xF8F4EB,0xF8F4EB,0xF8F4EB,0xF9F5EC,
    0xEDEADC,0xE1DFCF,0xE3E0D1,0xE3E0D1,0xE2DFD2,0xE0DDCB,0xE3E1CD,0xE4DFD6,
    0x3C3A3B,0x1C2022,0x292A2E,0x28272D,0x28272E,0x25282F,0x25282F,0x25282F,
    0x25282F,0x25282C,0x25292C,0x25292C,0x25292C,0x26282C,0x27282C,0x27282C,
    0x27282C,0x26282C,0x25282C,0x25282C,0x25282C,0x2A2D31,0x16181B,0x72736D,
    0xF2F1E2,0xE0DCCC,0xE3E0D1,0xE3E0D1,0xE3E0D1,0xE3E0D1,0xE5DED3,0xE3DCCC,
    0xE5E3D0,0xD4D3CB,0x323336,0x23262E,0x272A32,0x262930,0x262930,0x262930,
    0x262930,0x262930,0x262930,0x262930,0x262930,0x262930,0x262930,0x252A30,
    0x252A30,0x252A30,0x252A30,0x252A30,0x262930,0x262930,0x262930,0x262930,
    0x262930,0x262930,0x262930,0x262930,0x262930,0x262930,0x262930,0x262930,
    0x262930,0x262930,0x262930,0x262930,0x262930,0x262A2F,0x262A2F,0x26292F,
    0x26292F,0x25292F,0x25292F,0x272B31,0x282C32,0x292D34,0x202129,0x676769,
    0xFDFEF6,0xF4F2E5,0xF7F3E9,0xF7F3E9,0xF8F4E9,0xF8F4E9,0xF8F3E8,0xF7F3E7,
    0xF8F5E9,0xF9F9F1,0x5C605F,0x23272A,0x313439,0x2F3239,0x30323B,0x30323D,
    0x2F323C,0x2F323C,0x2F323C,0x2E333C,0x2E333C,0x2E333C,0x2E333C,0x2F323B,
    0x2F323B,0x2E313A,0x2E313A,0x2F323B,0x2F323B,0x2F323B,0x2F323B,0x31353D,
    0x1E2026,0x7C7C7B,0xFFFFF8,0xF4F1E5,0xF8F4EA,0xF8F4EA,0xF7F3E9,0xF9F5EB,
    0xEEE9DB,0xE2DDCE,0xE4DFD1,0xE4DFD1,0xE3E0D1,0xDEDCCA,0xF1F1E0,0x858480,
    0x121318,0x272B30,0x26292E,0x27272E,0x27272F,0x25282F,0x25282F,0x25282F,
    0x25282F,0x25282E,0x25292D,0x25282E,0x25292E,0x25282E,0x26282E,0x26282D,
    0x26282E,0x25282C,0x25292D,0x25292E,0x252A2E,0x1D2224,0x393937,0xD8D9CD,
    0xE6E6D4,0xE1DFCF,0xE3E0D1,0xE3E0D1,0xE3E0D1,0xE3E0D1,0xE3DFD1,0xE0DBCA,
    0xF2EEDE,0x767771,0x181B20,0x292C34,0x272A32,0x262930,0x262930,0x262930,
    0x262930,0x262930,0x262930,0x262930,0x262930,0x262930,0x262930,0x262930,
    0x262930,0x262930,0x262930,0x262930,0x262930,0x262930,0x262930,0x262930,
    0x262930,0x262930,0x262930,0x262930,0x262930,0x262930,0x262930,0x262930,
    0x262930,0x262930,0x262930,0x262930,0x262930,0x262930,0x262930,0x262930,
    0x262930,0x25282F,0x25282F,0x272931,0x272A31,0x272A31,0x2C2F36,0x202126,
    0xB5B6B1,0xFFFFF5,0xF4F0E4,0xF7F3E8,0xF8F4E9,0xF8F4E9,0xF8F4E9,0xF8F4E9,
    0xF5F1E6,0xFCF9EE,0xDCDED6,0x383B37,0x2A2E30,0x30333A,0x30323B,0x2F323B,
    0x2F323B,0x2F323B,0x2F323B,0x2F323A,0x2F323A,0x2F323A,0x2F323A,0x2F3239,
    0x2F3239,0x2E3138,0x2E3138,0x2F3239,0x2F323A,0x2F323A,0x2F323A,0x2F333A,
    0x33343C,0x29282E,0xBCBAB8,0xFFFFF6,0xF5F1E6,0xF8F4E9,0xF7F3E8,0xF9F5E9,
    0xEEE9DB,0xE2DCCE,0xE5DFD1,0xE5DFD1,0xE1DDCD,0xE9E7D7,0xBFC0B6,0x262829,
    0x24272D,0x25282F,0x252830,0x25282F,0x25282F,0x25282F,0x25282F,0x25282F,
    0x25282F,0x25282F,0x25282F,0x25282F,0x25282F,0x25282F,0x25282F,0x25282F,
    0x25282F,0x25282D,0x24292E,0x262A31,0x23272B,0x232725,0xB7B4AB,0xECEADC,
    0xDFDECC,0xE2E1D0,0xE3E0D1,0xE3E0D1,0xE3E0D1,0xE3E0D1,0xE0DFCE,0xEAE9D8,
    0xB9B7AD,0x232423,0x282D32,0x272A31,0x262930,0x262930,0x262930,0x262930,
    0x262930,0x262930,0x262930,0x262930,0x262930,0x262930,0x262930,0x262930,
    0x262930,0x262930,0x262930,0x262930,0x262930,0x262930,0x262930,0x262930,
    0x262930,0x262930,0x262930,0x262930,0x262930,0x262930,0x262930,0x262930,
    0x262930,0x262930,0x262930,0x262930,0x262930,0x262930,0x262930,0x25282F,
    0x25282F,0x262930,0x262930,0x272A31,0x272A31,0x26292F,0x282B33,0x212128,
    0x3C3D3C,0xEEEDE5,0xF8F5EA,0xF6F2E7,0xF7F3E8,0xF7F3E8,0xF8F4E9,0xF8F4E9,
    0xF7F3E8,0xF4F0E5,0xFFFFF6,0xB0B0AA,0x222324,0x32353C,0x2E313A,0x2E3139,
    0x2E3139,0x2E3139,0x2F3138,0x303137,0x303137,0x303137,0x303137,0x2E3138,
    0x2E3138,0x2E3138,0x2E3138,0x2E3137,0x2E3137,0x2E3137,0x2E3137,0x2E3137,
    0x31343B,0x2B2D34,0x454647,0xEDECE6,0xF9F6EB,0xF6F2E8,0xF7F3E8,0xF9F5E9,
    0xEEE8DB,0xE1DBCD,0xE5DFD1,0xE5DFD1,0xE2DECF,0xE7E4DA,0x4B4B49,0x1D1E21,
    0x26292F,0x24272E,0x24272E,0x24272E,0x24272E,0x24272E,0x24272E,0x24272E,
    0x24272E,0x25282F,0x25282F,0x25282F,0x25282F,0x25282F,0x25282F,0x25282F,
    0x25282F,0x25292E,0x24292E,0x2A2C33,0x191A1C,0x91928B,0xF1EFE0,0xDEDBCD,
    0xE3E0D1,0xE3E0CF,0xE3E0D1,0xE3E0D1,0xE3E0D1,0xE3E0D1,0xE1DFCE,0xE6E5D9,
    0x4A4B47,0x1A1D1F,0x272A30,0x25282F,0x262930,0x262930,0x262930,0x262930,
    0x262930,0x262930,0x262930,0x262930,0x262930,0x262930,0x262930,0x262930,
    0x262930,0x262930,0x25282F,0x262930,0x262930,0x262930,0x262930,0x262930,
    0x25282F,0x25282F,0x25282F,0x25282F,0x262930,0x262930,0x25282F,0x25282F,
    0x25282F,0x25282F,0x25282F,0x25282F,0x25282F,0x25282F,0x25282F,0x25282F,
    0x25282F,0x25282F,0x25282F,0x262930,0x262930,0x25282E,0x262932,0x2B2B34,
    0x121317,0x7E7C78,0xFFFFF8,0xF4F0E5,0xF7F3E8,0xF7F3E8,0xF8F4E9,0xF8F4E9,
    0xF7F3E8,0xF7F3E8,0xF4F1E4,0xFFFFF7,0x828281,0x21232A,0x31353C,0x2D3035,
    0x2D3036,0x2D3036,0x2E3035,0x2F3034,0x2F3034,0x2F3034,0x2F3035,0x2C2F36,
    0x2C2F36,0x2C2F36,0x2C2F36,0x2D3035,0x2D3134,0x2D3134,0x2D3134,0x2E3035,
    0x2E3139,0x32353D,0x1C2024,0x81837E,0xFFFFF6,0xF4F0E5,0xF7F3E8,0xF9F5E9,
    0xEEE8DB,0xE1DBCD,0xE3DDD0,0xE0DACC,0xF0ECDD,0x898680,0x141318,0x282931,
    0x24272E,0x24272E,0x24272E,0x24272E,0x24272E,0x24272E,0x24272E,0x24272E,
    0x24272E,0x24272F,0x24272F,0x25282F,0x25282F,0x24272E,0x24272E,0x24272E,
    0x24272E,0x23272D,0x282D32,0x1B1C21,0x5E5D5C,0xEFECE1,0xE3DECB,0xE4DED1,
    0xE5DFD2,0xE5DFCE,0xE3E0D0,0xE3E0D1,0xE2DFD0,0xDDDACB,0xF1EDDE,0x8F8F86,
    0x111617,0x252930,0x24262D,0x24272E,0x25282F,0x25282F,0x25282F,0x25282F,
    0x25282F,0x25282F,0x25282F,0x25282F,0x25282F,0x25282F,0x25282F,0x25282F,
    0x25282F,0x25282F,0x24272E,0x24272E,0x24272E,0x24272E,0x24272E,0x24272E,
    0x252731,0x252831,0x252731,0x252831,0x252830,0x252830,0x252831,0x252830,
    0x252831,0x252831,0x252731,0x252731,0x252731,0x252731,0x252831,0x252832,
    0x252832,0x242730,0x242730,0x252831,0x252831,0x252831,0x252832,0x252732,
    0x21242E,0x1B1D22,0xB7B7B3,0xFFFFF8,0xF5F1E5,0xF7F3E9,0xF7F3E8,0xF7F3E8,
    0xF7F3E8,0xF7F3E8,0xF5F3E6,0xF4F4E8,0xF9FAF5,0x5F5F5D,0x1B1F21,0x30343B,
    0x2D2F3A,0x2F2E39,0x2E2F37,0x2D3137,0x2D3137,0x2D3237,0x2D3237,0x2D3037,
    0x2D3037,0x2D3037,0x2D3037,0x2C3137,0x2C3136,0x2D3237,0x2D3238,0x2D3137,
    0x2E3138,0x2E3138,0x2D3037,0x242629,0xB9B7B2,0xFFFFF4,0xF6F2E6,0xF9F5EA,
    0xEDEADC,0xE1DCCE,0xE3DDCF,0xEDE7D7,0xC4C2BA,0x262628,0x21222B,0x23272F,
    0x23272E,0x242730,0x242730,0x242730,0x242730,0x242731,0x242731,0x242731,
    0x242731,0x242730,0x242730,0x242730,0x242730,0x242630,0x242731,0x24272F,
    0x24272D,0x272A32,0x1A1D23,0x41423D,0xDEDCCF,0xE8E3D4,0xE4DECF,0xE5DFD1,
    0xE5DFD1,0xE5DFD0,0xE2DFCF,0xE2DFCF,0xE2DFCE,0xEDE9D6,0xC6C6BA,0x272C2B,
    0x1F222A,0x252830,0x262830,0x252831,0x252830,0x252831,0x252831,0x252731,
    0x252731,0x252832,0x252832,0x252831,0x252731,0x252731,0x252731,0x252831,
    0x252831,0x252831,0x252831,0x252831,0x252830,0x252830,0x252830,0x252830,
    0x252831,0x252831,0x252831,0x252831,0x25282F,0x25282F,0x252830,0x25282F,
    0x252830,0x252831,0x252831,0x252831,0x252831,0x252831,0x252831,0x252831,
    0x252831,0x25272F,0x25282F,0x25282F,0x24272E,0x252830,0x252831,0x252831,
    0x272A33,0x20242B,0x373A3B,0xEBEBE7,0xFAF8EE,0xF5F1E6,0xF7F3E8,0xF7F3E8,
    0xF7F3E8,0xF7F3E8,0xF6F3E8,0xF4F1E6,0xF9F8F0,0xE9E9E2,0x414441,0x1F2427,
    0x2F323B,0x2E2E37,0x2D2F35,0x2C3137,0x2E3339,0x2D3238,0x2D3238,0x2D3037,
    0x2D3037,0x2D3037,0x2D3037,0x2C3137,0x2C3137,0x2D3238,0x2D3238,0x2D3137,
    0x2D3037,0x2D3037,0x2F3239,0x24262C,0x424141,0xEEEEE7,0xF9F8ED,0xF8F4EB,
    0xEEEADE,0xE0DDCD,0xE2E0D1,0xE5E3D6,0x4B4C48,0x1B1E22,0x262932,0x23272D,
    0x24282D,0x24272E,0x24272E,0x24272E,0x24272E,0x242730,0x242730,0x242730,
    0x242730,0x24272E,0x24272E,0x24272E,0x24272E,0x24272F,0x242730,0x24272E,
    0x262A2F,0x202226,0x2B2B2B,0xCACABF,0xEBE9D9,0xDEDBCC,0xE5DFD2,0xE5DFD1,
    0xE5DFD1,0xE5DFD1,0xE3DFD0,0xE0DFCE,0xE2E1D1,0xE8E7D9,0x4B4E48,0x1B1F22,
    0x292C31,0x25282F,0x25282F,0x25282F,0x25282F,0x25282F,0x25282F,0x252831,
    0x252831,0x252831,0x252831,0x252831,0x252831,0x252831,0x252831,0x252830,
    0x25282F,0x25282F,0x25282F,0x25282F,0x25282F,0x25282F,0x25282F,0x25282F,
    0x25282E,0x25282E,0x25282E,0x25282E,0x25282D,0x25282D,0x25282D,0x25282D,
    0x25282D,0x24272D,0x24272E,0x24272E,0x24272E,0x25282E,0x25282E,0x24272E,
    0x24272E,0x25282D,0x25282C,0x26292E,0x25282D,0x24272D,0x24272E,0x26292F,
    0x272A30,0x2B2F35,0x1A1E25,0x747578,0xFFFFFA,0xF3F1E4,0xF7F3E8,0xF7F3E8,
    0xF7F3E8,0xF7F3E8,0xF8F2E8,0xF8F3E8,0xF3F1E5,0xFCFBF0,0xDBDCD3,0x3E403E,
    0x212429,0x2D3137,0x2C3136,0x2D3238,0x2E3338,0x2D3238,0x2D3238,0x2E3138,
    0x2E3138,0x2E3138,0x2E3138,0x2D3138,0x2D3238,0x2C3137,0x2C3137,0x2C3036,
    0x2C2E36,0x2C2F36,0x2B2E35,0x30323A,0x1E1E24,0x8A8B87,0xFFFFFB,0xF5F4EB,
    0xF1EBE0,0xDDDAC8,0xEEEFDD,0x92928B,0x111514,0x282C31,0x25282F,0x27282D,
    0x26282B,0x25282D,0x25282D,0x25282D,0x25282D,0x24272E,0x24272E,0x24272E,
    0x24272E,0x25282D,0x25282D,0x25282C,0x25282C,0x25282E,0x25282E,0x26292E,
    0x1D2226,0x252626,0xB6B3AA,0xECEADB,0xE0DDCE,0xE3E0D4,0xE5DFD1,0xE5DFD1,
    0xE5DFD1,0xE5DFD1,0xE4DFD3,0xDDDCCA,0xEFF0E0,0x898A86,0x1A1C21,0x292D31,
    0x25292A,0x25282D,0x25282E,0x25282D,0x25282D,0x25282D,0x25282D,0x25282E,
    0x25282E,0x24272E,0x24272E,0x25282E,0x25282E,0x24272E,0x24272E,0x25282D,
    0x25282D,0x25282D,0x25282D,0x25282D,0x25282D,0x25282D,0x25282D,0x25282D,
    0x25282E,0x25282E,0x25282E,0x25282E,0x25292D,0x25292D,0x25292D,0x25292D,
    0x25292D,0x24282D,0x24282D,0x24282D,0x25282E,0x24282D,0x24282D,0x25282D,
    0x25282E,0x25292D,0x25292D,0x25292D,0x25292D,0x24272C,0x24282D,0x25282E,
    0x26292E,0x262B31,0x292E37,0x1E2128,0xA3A5A3,0xFFFFF8,0xF3EFE4,0xF7F4E9,
    0xF7F3E8,0xF8F3E8,0xF8F2E8,0xF8F3E9,0xF7F4E9,0xF3F0E4,0xFFFEF3,0xD7D8D0,
    0x383A39,0x262A2F,0x30353B,0x2E3239,0x2C3138,0x2D3138,0x2D3238,0x2D3037,
    0x2D3037,0x2D3037,0x2C3037,0x2C3137,0x2C3137,0x2C3137,0x2C3137,0x2C3036,
    0x2C3037,0x2B2F36,0x2C3036,0x2E3139,0x2C2D37,0x2F3032,0xCFCFCA,0xFFFEF9,
    0xEBE7DB,0xE6E4D3,0xCCCDBF,0x292B2A,0x1E2326,0x24292D,0x25282E,0x27282B,
    0x26282B,0x25292C,0x25292C,0x25292C,0x25292C,0x24282C,0x24282C,0x24282C,
    0x24282C,0x25282C,0x25292D,0x24282C,0x24282C,0x24282C,0x26292F,0x23262A,
    0x222424,0xB2B1AA,0xEFEADD,0xDFDCCC,0xE4E1D2,0xE2E0D2,0xE4DFD1,0xE4DFD1,
    0xE4DFD1,0xE5E0D1,0xE1DCCC,0xEEEDDB,0xB2B5A9,0x202526,0x252932,0x272B30,
    0x252A2B,0x25292C,0x25282E,0x25292D,0x25292D,0x25292D,0x25292D,0x24282D,
    0x24282D,0x25282E,0x25282E,0x25282E,0x24282D,0x24282D,0x24282D,0x25282D,
    0x25292D,0x25292D,0x25292D,0x25292D,0x25292D,0x25292D,0x25292D,0x25292D,
    0x24292F,0x24292F,0x24292F,0x24292F,0x24292F,0x24292F,0x24292F,0x24292F,
    0x24292F,0x24292F,0x24292F,0x24292F,0x252A30,0x24292F,0x24292F,0x24292F,
    0x24292F,0x24292F,0x24292F,0x252A30,0x252A30,0x252A30,0x252A30,0x252A30,
    0x252A30,0x242A30,0x262C33,0x292C35,0x212529,0xC9CCC8,0xFFFEF7,0xF2EFE6,
    0xF8F3E9,0xF9F2E8,0xF7F3EA,0xF7F3EA,0xF7F3EA,0xF7F3EA,0xF2F0E5,0xFEFFF3,
    0xD1D2C9,0x38393A,0x292B34,0x31353D,0x2E323A,0x2D3239,0x2E3339,0x2D3239,
    0x2C3237,0x2B3036,0x2C3137,0x2C3137,0x2C3137,0x2C3137,0x2C3137,0x2C3137,
    0x2D3238,0x2D3238,0x2C3137,0x2D3238,0x32353C,0x292A32,0x535356,0xF9F9F5,
    0xEDEEDF,0xE8E9DB,0x585954,0x1C1C23,0x282A2F,0x23262A,0x23272A,0x23272A,
    0x23272B,0x23262C,0x23262C,0x23262C,0x23262C,0x24282B,0x24282B,0x23272A,
    0x23272A,0x23262D,0x23262D,0x23262E,0x23262D,0x25292F,0x23252C,0x252526,
    0xADABA1,0xF0EEDD,0xE0DCCD,0xE3E0D2,0xE3E0D1,0xE3E0D1,0xE3E0D1,0xE3E0D1,
    0xE3E0D1,0xE0DDCE,0xE9E7D1,0xCFCFC2,0x2B2E2E,0x20282B,0x262D31,0x252A30,
    0x252A30,0x24292F,0x24292F,0x24292F,0x24292F,0x24292F,0x24292F,0x24292F,
    0x24292F,0x24292F,0x24292F,0x24292F,0x23282E,0x24292F,0x24292F,0x24292F,
    0x24292F,0x24292F,0x24292F,0x24292F,0x24292F,0x24292F,0x24292F,0x24292F,
    0x24292F,0x24292F,0x24292F,0x24292F,0x24292F,0x24292F,0x24292F,0x24292F,
    0x24292F,0x24292F,0x24292F,0x24292F,0x24292F,0x24292F,0x252A30,0x252A30,
    0x262B31,0x24292F,0x24292F,0x252A30,0x252A30,0x252A30,0x252A30,0x252A30,
    0x24292F,0x232A2E,0x22292F,0x282B35,0x1A1D23,0x393B3C,0xE3E3E2,0xFAF9F1,
    0xF4F2E5,0xF7F3E9,0xF7F3EA,0xF7F3EA,0xF7F4EA,0xF7F3EA,0xF7F4EB,0xF2F0E4,
    0xFFFFF5,0xCFD0C9,0x383A3A,0x292E31,0x32373B,0x2D3138,0x2C3038,0x2C3137,
    0x2C3137,0x2C3137,0x2D3238,0x2B3036,0x2C3137,0x2D3238,0x2D3238,0x2D3238,
    0x2D3238,0x2D3238,0x2D3238,0x2E3339,0x2E3238,0x32353E,0x1E1F23,0x989995,
    0xFFFFFF,0x969790,0x131515,0x26292E,0x23262C,0x23252B,0x23252C,0x23252B,
    0x23252D,0x23262E,0x23262E,0x23262E,0x23262D,0x23262C,0x23262C,0x23252B,
    0x23252B,0x23262D,0x23262D,0x22252C,0x24272E,0x202228,0x232326,0xADACA5,
    0xF1EEDE,0xE0DCCA,0xE3E0D1,0xE3E0D1,0xE3E0D1,0xE3E0D1,0xE3E0D1,0xE3E0D1,
    0xE2DFD0,0xE5E2D3,0xE3E3D6,0x474844,0x171A1E,0x252C2F,0x232A2E,0x252A30,
    0x242A2F,0x24292F,0x24292F,0x24292F,0x24292F,0x24292F,0x24292F,0x24282E,
    0x24292F,0x24292F,0x24292F,0x252A30,0x24292F,0x24292F,0x24292F,0x24292F,
    0x24292F,0x24292F,0x24292F,0x24292F,0x24292F,0x24292F,0x24292F,0x24292F,
    0x24292F,0x24292F,0x23282E,0x23282E,0x23282E,0x23282E,0x23292F,0x23292F,
    0x23292F,0x23282E,0x23282E,0x24292F,0x24292F,0x23282E,0x23282E,0x24292F,
    0x24292F,0x23282E,0x23282E,0x24292F,0x24292F,0x23292F,0x23282E,0x23292E,
    0x252A30,0x242B2F,0x22292E,0x222531,0x272933,0x1B1C22,0x4B4A4E,0xF1F2E9,
    0xF9F9EB,0xF2EFE7,0xF7F3EB,0xF7F3EA,0xF8F4EB,0xF8F4EB,0xF8F3EC,0xF8F5EA,
    0xF3F2E3,0xFFFFF4,0xCBCDC6,0x3E4444,0x212629,0x2D3238,0x2B2F38,0x2B3036,
    0x2C3137,0x2B3036,0x2C3137,0x2C3137,0x2B3036,0x2C3237,0x2C3137,0x2C3137,
    0x2D3238,0x2D3238,0x2D3238,0x2E3439,0x2D3439,0x2F333D,0x2A2D35,0x373A3A,
    0xB3B5AE,0x353737,0x1C1F25,0x23282C,0x23262D,0x23262F,0x23262F,0x23262F,
    0x23262F,0x232630,0x232630,0x232630,0x232630,0x23262E,0x23262E,0x23262E,
    0x23262E,0x23262D,0x23262D,0x262930,0x1D2028,0x282A2B,0xADAEA4,0xF2F1E1,
    0xE1DCCD,0xE4DFD1,0xE3E0D1,0xE3E0D1,0xE3E0D1,0xE3E0D1,0xE3E0D1,0xDFDCCE,
    0xE3E0D1,0xECE9DA,0x5E605C,0x181C20,0x272B33,0x242930,0x23292E,0x23282E,
    0x23282E,0x23282E,0x23282E,0x24292F,0x24292F,0x23282E,0x23282E,0x23282E,
    0x24292F,0x24292F,0x24292F,0x24292F,0x23282E,0x24292F,0x24292F,0x23282E,
    0x23282E,0x23282E,0x23282E,0x23282E,0x23282E,0x23282E,0x23282E,0x23282E,
    0x24292F,0x24292F,0x24292F,0x24292F,0x24282F,0x24282F,0x24282E,0x24282E,
    0x24282E,0x24292F,0x24292F,0x24292F,0x23282E,0x24292F,0x23282E,0x24292F,
    0x23282E,0x24282F,0x24282F,0x24282F,0x24282F,0x23282E,0x23282E,0x23282E,
    0x24292F,0x24292E,0x25292F,0x24272F,0x23262E,0x292C32,0x11151A,0x616363,
    0xFBFBF6,0xF6F3E8,0xF6F2E9,0xF8F4EB,0xF8F4EB,0xF8F4EB,0xF8F4EA,0xF8F4E9,
    0xF8F5E8,0xF5F2E5,0xFFFEF4,0xDEE0D9,0x4B4E4B,0x1B1D20,0x2C2F36,0x292D34,
    0x2A2E35,0x2B2E34,0x2C2F34,0x2D2F36,0x2E2F37,0x2D2F37,0x2E2F37,0x2D2F36,
    0x2C2F36,0x2D3036,0x2C3037,0x2C3036,0x2D3238,0x2E3139,0x2C2F36,0x2C2F34,
    0x26292C,0x1F2227,0x22252C,0x23272D,0x23262D,0x23262E,0x23262E,0x23262E,
    0x23262E,0x23262E,0x23262E,0x23262E,0x23262E,0x23262F,0x23262F,0x23262F,
    0x23262F,0x21272C,0x252A31,0x171A20,0x343636,0xBFBEB4,0xEEECDD,0xE2E0D0,
    0xE4E0D2,0xE3DFD1,0xE3E0D1,0xE3E0D1,0xE3E0D1,0xE4E1D1,0xE3E0D0,0xE0DECD,
    0xEFEFE1,0x71726B,0x131719,0x272C30,0x22272D,0x24292D,0x24282E,0x24282F,
    0x24282F,0x24282F,0x24282F,0x25282F,0x25282F,0x24282F,0x24282F,0x24272E,
    0x24282E,0x24272E,0x24272E,0x23282E,0x23282E,0x24292F,0x24292F,0x24292F,
    0x24292F,0x24292F,0x24292F,0x24292F,0x24282F,0x24282F,0x24272E,0x24272E,
    0x24292F,0x24292F,0x24292F,0x24292F,0x25282F,0x25282F,0x25282F,0x25282F,
    0x25282F,0x24292F,0x24292F,0x24292F,0x23282E,0x24292F,0x24292F,0x24292F,
    0x24282E,0x25282F,0x25282F,0x25282F,0x25282F,0x24292F,0x23282E,0x23282E,
    0x24292F,0x24282F,0x24272E,0x25282E,0x25282F,0x25282E,0x272C31,0x191C22,
    0x757676,0xFEFEF6,0xF7F4EA,0xF7F3EA,0xF8F4EB,0xF8F4EB,0xF8F4EA,0xF8F4E9,
    0xF8F4E9,0xF7F3E9,0xF3F0E4,0xFBFAF0,0xEDEDE7,0x626260,0x1D1F20,0x2C2F34,
    0x2E3136,0x2D2F35,0x2E3136,0x303038,0x303038,0x303038,0x303038,0x2F3138,
    0x2D3138,0x2E3138,0x2E3138,0x2E3138,0x2F3239,0x2F3138,0x2D3037,0x2E3138,
    0x292C34,0x23262D,0x24272E,0x23262D,0x23262D,0x23262D,0x23262D,0x23262D,
    0x23262D,0x23262D,0x23262D,0x23262D,0x23262D,0x23262D,0x23262D,0x23262D,
    0x24272E,0x242931,0x161A20,0x474847,0xCFCFC4,0xEDEADB,0xDFDCCD,0xE3E0D1,
    0xE3E0D1,0xE4E1D2,0xE3E0D1,0xE3E0D1,0xE3E0D1,0xE3E0D0,0xE0DDCA,0xEDEDDD,
    0x7D7E78,0x17191E,0x262B31,0x24292F,0x24292F,0x24292F,0x25282F,0x25282F,
    0x25282F,0x25282F,0x25282F,0x25282F,0x25282F,0x25282F,0x25282F,0x24272E,
    0x24272E,0x24272E,0x24272E,0x23282E,0x23282E,0x24292F,0x24292F,0x24292F,
    0x24292F,0x24292F,0x24292F,0x24292F,0x25282F,0x25282F,0x24272E,0x24272E,
    0x23282E,0x23282E,0x23282E,0x23282E,0x24282F,0x25282F,0x25282F,0x25282F,
    0x25282F,0x24292F,0x24292F,0x23282E,0x23282E,0x23282E,0x23282E,0x22272D,
    0x23282E,0x24272E,0x24272E,0x24272E,0x24272E,0x23282E,0x23282E,0x24282F,
    0x24292F,0x24282F,0x24272E,0x24272E,0x25282F,0x25282F,0x262A31,0x2A2D36,
    0x14181C,0x777A76,0xFEFDF5,0xF7F4EA,0xF6F2E9,0xF7F3EB,0xF7F3E9,0xF7F3E8,
    0xF7F3E8,0xF7F3E8,0xF7F3E8,0xF4F1E6,0xF8F7EE,0xF8F8F1,0x7E7F7A,0x1F2322,
    0x2A2E30,0x2F3337,0x2D3137,0x2E3138,0x2E3138,0x2E3138,0x2E3138,0x2E3138,
    0x2E3138,0x2E3138,0x2E3138,0x2D3037,0x2D3038,0x2D3038,0x2C2F36,0x2E3138,
    0x282B32,0x22252C,0x22252C,0x22252C,0x23262C,0x23262D,0x23262D,0x23262D,
    0x23262D,0x23262D,0x23262D,0x23262D,0x23262C,0x23262B,0x23262B,0x24272C,
    0x212429,0x15181C,0x5E605D,0xDFDED2,0xEAE7D5,0xE0DCCC,0xE4E1D2,0xE3E0D1,
    0xE2DFD0,0xE3E0D1,0xE3E0D1,0xE2DFD0,0xE2DFD0,0xE0DDCD,0xF1F0DE,0x888981,
    0x16181B,0x262A33,0x232730,0x232730,0x232730,0x232730,0x24272F,0x24272E,
    0x24272E,0x24272E,0x24272E,0x24272E,0x24272E,0x24272E,0x24272E,0x24272E,
    0x24272E,0x24272E,0x24272E,0x24292F,0x24292F,0x23282E,0x23282E,0x23282E,
    0x23282E,0x23282E,0x23282E,0x23282E,0x24272E,0x24272E,0x24272E,0x24272E,
    0x23282E,0x23282E,0x23282E,0x23282E,0x24282F,0x25282F,0x25282F,0x25282F,
    0x25282F,0x24292F,0x24292F,0x23282E,0x23282E,0x23282E,0x23282E,0x22272D,
    0x23282E,0x24272E,0x24272E,0x24272E,0x24272E,0x23282E,0x23282E,0x23272D,
    0x22272D,0x23272D,0x24272E,0x24272E,0x25282F,0x25282E,0x252830,0x262A34,
    0x252A31,0x13191A,0x75746E,0xFCF9F1,0xF9F6ED,0xF5F1E8,0xF8F4EA,0xF7F3E8,
    0xF7F3E8,0xF7F3E8,0xF7F3E8,0xF7F3E8,0xF5F2E7,0xF6F5EB,0xFFFFF6,0xAFB2AE,
    0x373A3A,0x212427,0x32343C,0x2E3239,0x2D3238,0x2D3138,0x2D3138,0x2E3138,
    0x2E3137,0x2E3138,0x2E3137,0x2D3037,0x2E3138,0x2C2F36,0x2C2E35,0x2C2F36,
    0x262931,0x21242B,0x21242B,0x21242C,0x22252C,0x22252C,0x22252C,0x22252C,
    0x22252C,0x22252C,0x22252C,0x22252C,0x21252B,0x22272A,0x272B2E,0x1B1F22,
    0x252829,0x92938E,0xEAEADC,0xE7E3D2,0xE2DCCC,0xE4E0D1,0xE3E0D1,0xE3E0D1,
    0xE2DFD0,0xE3E0D1,0xE3E0D1,0xE1DECE,0xE0DECE,0xEFECDE,0x8C8C85,0x18191B,
    0x23272D,0x24292E,0x232730,0x232731,0x232731,0x232731,0x242730,0x24272F,
    0x24272F,0x24272F,0x24272E,0x24272E,0x24272E,0x24272E,0x24272E,0x24272E,
    0x24272E,0x24272E,0x24272E,0x24292F,0x24292F,0x23282E,0x23282E,0x23282E,
    0x23272F,0x23282F,0x23282F,0x23282E,0x24272E,0x24272E,0x24272E,0x24272E,
    0x24272E,0x24272E,0x24272E,0x24272E,0x24272E,0x24272E,0x24272E,0x24272E,
    0x24272E,0x24272E,0x24272E,0x25282F,0x25282F,0x23262D,0x23262D,0x24272E,
    0x23262D,0x23262D,0x24272E,0x24272E,0x24272E,0x24272E,0x24272E,0x24272E,
    0x24272E,0x24272E,0x24272E,0x24272E,0x24272E,0x24272E,0x24272E,0x25282F,
    0x262930,0x2A2D34,0x16171D,0x6D6D6B,0xFAFAF2,0xF6F6EC,0xF4F0E7,0xF9F3EA,
    0xF9F2EA,0xF9F2EA,0xF8F2EA,0xF7F3EA,0xF7F3EA,0xF7F3EA,0xF6F2E9,0xFFFFF8,
    0xDCDBD6,0x5C5C5C,0x1F1F23,0x2C2D34,0x33333B,0x313138,0x303237,0x303136,
    0x303136,0x2F3035,0x2F3035,0x2F3035,0x2E2F34,0x2F3035,0x2C2D32,0x2D2E34,
    0x272A32,0x22252E,0x22252E,0x22252E,0x22252D,0x22252D,0x22252E,0x22252E,
    0x22252D,0x22252C,0x22252D,0x22252D,0x23282E,0x20272A,0x13161B,0x464747,
    0xC2C2B7,0xF2EFE0,0xE2DFD0,0xE3E0D1,0xE3E0D1,0xE3E0D1,0xE3E0D1,0xE3E0D1,
    0xE3E0D1,0xE3E0D1,0xE0DDCC,0xE0DFCB,0xF0F0E0,0x7C7C77,0x14171D,0x25282F,
    0x24272E,0x24272D,0x242730,0x242731,0x242731,0x242731,0x242731,0x242731,
    0x242731,0x242731,0x24272F,0x24272E,0x24272E,0x24272E,0x24272E,0x24272E,
    0x24272E,0x24272E,0x24272E,0x24272E,0x24272E,0x24272E,0x24272E,0x24272F,
    0x242731,0x242731,0x242731,0x24272F,0x24272E,0x24272E,0x24272E,0x24272E,
    0x24272E,0x24272E,0x24272E,0x24272E,0x24272E,0x24272E,0x24272E,0x24272E,
    0x24272E,0x24272E,0x24272E,0x25282F,0x25282F,0x23262D,0x23262D,0x23262D,
    0x23262D,0x24272E,0x24272E,0x24272E,0x24272E,0x24272E,0x24272E,0x24272E,
    0x24272E,0x24272E,0x24272E,0x24272E,0x24272E,0x24272E,0x24272E,0x25282F,
    0x25282E,0x25282F,0x282936,0x15161D,0x5F605C,0xEFF0E7,0xFBFAF0,0xF4F0E7,
    0xF7F3EB,0xF6F3EA,0xF7F3EA,0xF7F3EA,0xF7F3EA,0xF7F3EA,0xF6F2E8,0xF3F0E1,
    0xFCFAED,0xF9F8EF,0x91928B,0x2C2C2E,0x27282C,0x333439,0x313138,0x2F2F36,
    0x2E2F34,0x2D2E33,0x2E2F34,0x2F3035,0x2E2F34,0x2F3035,0x2F3035,0x303137,
    0x272A30,0x22252B,0x22252B,0x22252B,0x22252B,0x22252B,0x22252C,0x22252C,
    0x22252D,0x22252C,0x23262C,0x25282D,0x1C1F23,0x1C1D21,0x797A77,0xE1E0D5,
    0xEAE9D7,0xDFDCCD,0xE1DECF,0xE2DFD0,0xE2DFD0,0xE2DFD0,0xE2DFD0,0xE3E0D0,
    0xE3E1D2,0xE0DECC,0xE4E3D0,0xE6E5D9,0x6E6D6B,0x15151A,0x23252D,0x25282F,
    0x24272E,0x24272E,0x242730,0x242730,0x242730,0x242730,0x242730,0x242730,
    0x242730,0x24272F,0x24272F,0x24272E,0x24272E,0x24272E,0x24272E,0x24272E,
    0x24272E,0x24272E,0x24272E,0x24272E,0x24272E,0x24272E,0x24272E,0x24272F,
    0x24272F,0x24272F,0x24272F,0x24272F,0x24272E,0x24272E,0x24272E,0x24272E,
    0x24272E,0x24272E,0x24272E,0x24272E,0x24272E,0x24272E,0x24272E,0x24272E,
    0x24272E,0x24272E,0x24272E,0x24272E,0x24272E,0x24272E,0x24272E,0x24272E,
    0x23262D,0x24272E,0x24272E,0x24272E,0x24272E,0x24272E,0x24272E,0x24272E,
    0x24272E,0x24272E,0x24272E,0x24272E,0x24272E,0x24272E,0x24272E,0x24272E,
    0x24272E,0x24272E,0x22262D,0x282C35,0x181821,0x474748,0xE0E0D9,0xFFFEF4,
    0xF1EEE5,0xF5F2E9,0xF6F3EA,0xF7F3EA,0xF7F3EA,0xF7F3EA,0xF7F3E9,0xF8F3E6,
    0xF5F1E5,0xF6F4E9,0xFFFFF6,0xC9CBC8,0x535456,0x1A1B1E,0x2A2A32,0x313138,
    0x2E2F34,0x2E2F34,0x2E2F34,0x2F3035,0x2E2F34,0x2F3035,0x303136,0x313237,
    0x282B2F,0x222629,0x222629,0x22262A,0x22252A,0x22252A,0x222529,0x22262A,
    0x22252C,0x252831,0x212429,0x101518,0x3C3E3E,0xB0ADA5,0xF0EEDE,0xE4E2CE,
    0xE0DECC,0xE3E0D2,0xE2DFD0,0xE2DFD0,0xE2DFD0,0xE2DFD0,0xE2DFD0,0xE2DFD0,
    0xDDDACC,0xE8E6D6,0xDEDED1,0x575756,0x16151E,0x292933,0x24272E,0x24272E,
    0x24272E,0x24272E,0x25282E,0x25282E,0x25282E,0x25282E,0x25282E,0x25282E,
    0x25282E,0x24272D,0x24272E,0x24272E,0x24272E,0x24272E,0x24272E,0x24272E,
    0x24272E,0x24272E,0x24272E,0x24272E,0x24272E,0x24272E,0x24272E,0x24272E,
    0x24272D,0x24272D,0x24272D,0x24272E,0x24272E,0x24272E,0x24272E,0x24272E,
    0x24272E,0x24272E,0x24272E,0x24272E,0x23272E,0x23272E,0x23272E,0x23272E,
    0x23272E,0x24272E,0x24272E,0x24272E,0x24272E,0x23272E,0x23272E,0x24282E,
    0x23272E,0x24282F,0x24282F,0x23272E,0x23272E,0x24272E,0x24272E,0x24272E,
    0x24272E,0x24272E,0x24272E,0x24272E,0x24272E,0x24272E,0x24272F,0x24272F,
    0x24272F,0x23262E,0x22272C,0x242730,0x262834,0x141620,0x353537,0xC7C8C2,
    0xFFFFFA,0xF2F1E7,0xF5F2E9,0xF8F3E9,0xF8F2E9,0xF8F2EA,0xF8F2EB,0xF9F3E9,
    0xF8F3E9,0xF8F4EA,0xF4F1E7,0xFFFEF5,0xF7F8F2,0x999A99,0x313334,0x1A1B20,
    0x2B2B31,0x2F3035,0x2D2F32,0x2D2F33,0x2D2F35,0x2D2F35,0x2E3035,0x2E3036,
    0x282B30,0x22262B,0x23262B,0x23262B,0x232628,0x222628,0x222629,0x23272B,
    0x23262C,0x16171E,0x262728,0x7F817C,0xDFDFD5,0xEFE9DA,0xE2DDCB,0xE3DFCE,
    0xE4DFD1,0xE4DFD0,0xE3DFCF,0xE3DFD0,0xE3DFCF,0xE4DED1,0xE3DECE,0xDFDCCA,
    0xEFEDDD,0xCECDC4,0x444545,0x121318,0x27282F,0x24272D,0x23272E,0x23272E,
    0x23272E,0x23272E,0x25282D,0x25282D,0x24272D,0x24272D,0x24272D,0x25282D,
    0x25282D,0x24272D,0x24272D,0x24282E,0x24282E,0x23272E,0x23272E,0x24272E,
    0x24272E,0x24272E,0x24272E,0x23272E,0x23272E,0x23272E,0x23272E,0x23272D,
    0x23272C,0x23272C,0x23272C,0x23272C,0x23272C,0x23272C,0x24282D,0x24282D,
    0x23262D,0x23262D,0x23262D,0x23262D,0x22272D,0x22272D,0x22272D,0x22272D,
    0x22272E,0x23262F,0x23262F,0x23262F,0x23262F,0x22282E,0x22282E,0x22272D,
    0x22272D,0x23282E,0x23282E,0x22272D,0x22272D,0x23262D,0x23262D,0x23262D,
    0x23262D,0x23262D,0x23262D,0x23262D,0x23262D,0x23262D,0x23262F,0x23262F,
    0x242730,0x23262F,0x232630,0x252831,0x242730,0x272A33,0x20212C,0x25262A,
    0xA9AAA4,0xFFFFF8,0xF6F5EA,0xF6F0E5,0xF8F3E9,0xF8F3EB,0xF8F2EC,0xF8F4E9,
    0xF8F4E9,0xF7F3E8,0xF7F3E8,0xF6F1E5,0xF6F3E7,0xFFFFFA,0xDDE0D9,0x777877,
    0x2F2E32,0x232327,0x2F3137,0x2E3138,0x2C2F36,0x2B2E36,0x2B2E36,0x2D3037,
    0x272A31,0x21242B,0x22252D,0x22252C,0x22242A,0x23272B,0x24272C,0x191B20,
    0x1C1D1F,0x5C5C59,0xC6C7BE,0xF0EFDF,0xE3E1CE,0xE3DCCF,0xE5DFD2,0xE5DFD1,
    0xE5DFD1,0xE5DFCF,0xE4DECE,0xE5DFCF,0xE6DFCF,0xE3DDCC,0xE1DCCA,0xF0EEDE,
    0xB1B1A8,0x2D2E2F,0x191D24,0x282B31,0x23262C,0x23272C,0x22272D,0x22272D,
    0x22272D,0x22272D,0x23262D,0x23262D,0x23262D,0x23262D,0x23262D,0x23262D,
    0x23262D,0x23262D,0x23262D,0x22272D,0x22272D,0x22272D,0x22272D,0x23262D,
    0x23262D,0x23262D,0x23262D,0x22272D,0x22272D,0x22272D,0x22272D,0x22272D,
    0x22272D,0x22272D,0x22272D,0x22272C,0x22272C,0x22272C,0x22272C,0x22272C,
    0x23262D,0x23262D,0x22252C,0x22252C,0x22272D,0x22272D,0x22272D,0x22272D,
    0x22272E,0x23262F,0x23262F,0x23262F,0x23262F,0x22272D,0x22272D,0x23282E,
    0x23282E,0x22272D,0x22272D,0x22272D,0x22272D,0x23262D,0x23262D,0x23262D,
    0x23262D,0x23262D,0x23262D,0x23262D,0x23262D,0x23262D,0x23262F,0x23262F,
    0x23262F,0x22252E,0x23262F,0x23262F,0x23262F,0x22252E,0x262934,0x242631,
    0x1A1B1E,0x7C7E79,0xF7F6ED,0xFEFBF2,0xF3EFE7,0xF6F2E9,0xF6F4E9,0xF8F4E9,
    0xF8F4E9,0xF8F4E9,0xF8F4E9,0xF7F3E8,0xF6F3E8,0xF2F0E6,0xFAF9EF,0xFFFFF9,
    0xCFCFCA,0x69686A,0x28272F,0x252530,0x2F3239,0x30333A,0x2E3038,0x2D3037,
    0x272A31,0x21242B,0x22252C,0x24272E,0x23272E,0x181B21,0x151618,0x4D4D4B,
    0xB3B2AA,0xECEDDF,0xE8E7D8,0xDFDDCC,0xE3DFCE,0xE5DFD1,0xE5DFD1,0xE5DFD1,
    0xE5DFD1,0xE5DFCF,0xE4DECE,0xE5DFCF,0xE2DBCC,0xE7E4D1,0xEEECDE,0x8A8A85,
    0x1B1D21,0x1C1F27,0x252830,0x24272F,0x23262E,0x23262E,0x23282E,0x23282E,
    0x23282E,0x23282E,0x23262D,0x23262D,0x23262D,0x23262D,0x23262D,0x23262D,
    0x23262D,0x22252C,0x22262C,0x22272D,0x22272D,0x22272D,0x22272D,0x23262D,
    0x23262D,0x23262D,0x23262D,0x22272D,0x22272D,0x22272D,0x22272D,0x22272D,
    0x22272D,0x22272D,0x22272D,0x22272E,0x22262E,0x22262E,0x22262E,0x22262E,
    0x23262D,0x23262D,0x23262D,0x23262D,0x22272D,0x22272D,0x22272D,0x22272D,
    0x22272E,0x23262F,0x23262F,0x23262F,0x23262F,0x22272D,0x22272D,0x23282E,
    0x23282E,0x22272D,0x22272D,0x22272D,0x22272D,0x23262D,0x23262D,0x23262D,
    0x23262D,0x23262D,0x23262D,0x23262D,0x23262D,0x23262D,0x23262F,0x23262F,
    0x23262F,0x23262F,0x23262F,0x23262F,0x23262F,0x242730,0x23272E,0x262A32,
    0x2A2B37,0x15161D,0x4D4D4B,0xD2D1CA,0xFFFFF9,0xF4F2E6,0xF3F1E4,0xF8F4E9,
    0xF8F4E9,0xF8F4E9,0xF8F4E9,0xF6F4E8,0xF7F3E8,0xF7F3E8,0xF6F2E6,0xF3F0E4,
    0xFDFBF0,0xFCFCF4,0xC0C0BC,0x616263,0x292C33,0x22252C,0x2C2F36,0x2F3239,
    0x282B32,0x24272F,0x24272E,0x191C23,0x191D20,0x4B4E4C,0xA4A49C,0xE8E6D6,
    0xECEAD9,0xDFDECE,0xE1DED0,0xE4DFD3,0xE5DFD3,0xE5DFD1,0xE5DFD1,0xE5DFD1,
    0xE5DFD1,0xE4DECF,0xE1DBCB,0xE1DBCB,0xEFE9D8,0xD6D4C6,0x5F605A,0x14161B,
    0x232830,0x242931,0x232630,0x232630,0x232630,0x232630,0x23282E,0x23282E,
    0x23282E,0x23282E,0x23262D,0x23262D,0x23262D,0x23262D,0x23262D,0x23262D,
    0x23262D,0x23262D,0x23262D,0x22272D,0x22272D,0x22272D,0x22272D,0x23262D,
    0x23262D,0x23262D,0x23262D,0x22272D,0x22272D,0x22272D,0x22272D,0x22272D,
    0x22272D,0x22272D,0x22272D,0x22272E,0x222630,0x222630,0x222630,0x222630,
    0x23262D,0x23262D,0x23262D,0x23262D,0x23262E,0x23262F,0x23262F,0x23262F,
    0x23262F,0x22262F,0x22262F,0x232730,0x232730,0x22262F,0x22262F,0x22262F,
    0x22262F,0x23262F,0x23262F,0x23262F,0x23262F,0x23262E,0x23262D,0x23262D,
    0x23262D,0x23262D,0x23262D,0x23262D,0x23262D,0x23262D,0x23262D,0x23262D,
    0x23262D,0x23262D,0x23262D,0x23262D,0x24272E,0x24272E,0x24282E,0x24292F,
    0x242930,0x242830,0x181C22,0x252829,0x9E9F9B,0xFCFEF2,0xFDFEEE,0xF4F0E6,
    0xF7F2EA,0xF7F3EB,0xF6F3EC,0xF7F3E9,0xF7F3E8,0xF7F3E8,0xF7F3E8,0xF7F3E8,
    0xF6F2E6,0xF6F3E7,0xFFFFF4,0xFDFCF4,0xC3C4C0,0x656766,0x242828,0x1A1F22,
    0x1E2129,0x101318,0x181919,0x51534F,0xA9A89E,0xE7E5D8,0xF2F0E1,0xE4E1D0,
    0xE1DECF,0xE3E0D1,0xE3E0D2,0xE3E0D2,0xE3DFD2,0xE3E0D0,0xE3E0D1,0xE3E0D2,
    0xE3DFD3,0xE2DBCB,0xE8E2CF,0xEFEEDD,0xA6A69D,0x2E3132,0x161A1F,0x22262D,
    0x23282E,0x22272D,0x22272E,0x22272E,0x22272E,0x22272E,0x222630,0x222630,
    0x222630,0x222630,0x242630,0x242730,0x232630,0x232630,0x23262E,0x23262D,
    0x23262D,0x23262D,0x23262D,0x23262D,0x23262D,0x23262D,0x23262D,0x23262D,
    0x23262D,0x23262D,0x23262D,0x22272D,0x22272D,0x23282E,0x23282E,0x23282E,
    0x23282E,0x23282E,0x22272D,0x22272E,0x222630,0x222630,0x222630,0x222630,
    0x23262D,0x23262D,0x23262D,0x23262D,0x23262E,0x23262F,0x23262F,0x23262F,
    0x23262F,0x22262F,0x22262F,0x232730,0x232730,0x22262F,0x22262F,0x22262F,
    0x22262F,0x23262F,0x23262F,0x23262F,0x23262F,0x23262E,0x23262D,0x23262D,
    0x23262D,0x23262D,0x23262D,0x23262D,0x23262D,0x23262D,0x23262D,0x23262D,
    0x23262D,0x23262D,0x23262D,0x23262D,0x23262D,0x24272E,0x23272D,0x23282E,
    0x23282E,0x22272D,0x252A32,0x20232C,0x171A1D,0x585958,0xD6D7D1,0xFFFFF8,
    0xF4F3E7,0xF3F1E5,0xF7F3E8,0xF7F3E8,0xF7F3E8,0xF7F3E8,0xF7F3E8,0xF7F3E8,
    0xF8F4E9,0xF8F4E9,0xF5F1E6,0xF5F2E6,0xFFFFF3,0xFDFDF4,0xCACCC4,0x777A73,
    0x30342F,0x5A5C56,0xB1B2A7,0xE6E7D7,0xEFECDD,0xE3DFD0,0xE1DDCE,0xE3E0D1,
    0xE3E0D2,0xE3E0D1,0xE3E0D1,0xE3E0D1,0xE3E0D1,0xE3DFD3,0xE3E1D3,0xE1DECF,
    0xE1DECD,0xF0EDDC,0xD8D7C8,0x65665F,0x161719,0x1B1F26,0x252B31,0x23282E,
    0x23282E,0x22272D,0x22272D,0x22272D,0x22272D,0x22272D,0x22262F,0x22262F,
    0x22262F,0x22262F,0x242730,0x242730,0x23262F,0x23262F,0x23262E,0x23262D,
    0x23262D,0x23262D,0x23262D,0x23262D,0x23262D,0x23262D,0x23262D,0x23262D,
    0x23262D,0x23262D,0x23262D,0x22272D,0x22272D,0x23282E,0x23282E,0x23282E,
    0x23282E,0x23282E,0x22272D,0x22272E,0x22262F,0x22262F,0x22262F,0x22262F,
    0x23262D,0x23262D,0x23262D,0x23262D,0x23262E,0x23262F,0x23262F,0x23262F,
    0x23262F,0x22262F,0x22262F,0x22262F,0x22262F,0x22262F,0x22262F,0x22262F,
    0x22262F,0x23262F,0x23262F,0x23262F,0x23262F,0x23262E,0x23262D,0x23262D,
    0x23262D,0x23262D,0x23262D,0x23262D,0x23262D,0x23262D,0x23262D,0x23262D,
    0x23262D,0x23262D,0x23262D,0x23262D,0x23262D,0x23262D,0x22272D,0x22272D,
    0x22272D,0x22272D,0x21262D,0x222730,0x262932,0x16181F,0x2A2B31,0x979A94,
    0xF7F8F1,0xFFFFF4,0xF4F0E4,0xF5F1E6,0xF7F3E8,0xF7F3E8,0xF7F3E8,0xF7F3E8,
    0xF7F3E8,0xF7F3E8,0xF8F4E9,0xF8F4E9,0xF6F2E6,0xF5F3E6,0xFFFEF2,0xFFFFF5,
    0xDDDECF,0xE7E6D7,0xEEECDB,0xE2DFCC,0xE0DDCD,0xE3E0D1,0xE3E0D1,0xE3E0D1,
    0xE3E0D1,0xE3E0D1,0xE2DFD0,0xE3E0D1,0xE3E0D1,0xE1DECE,0xDDDACA,0xE9E5D7,
    0xEEEADD,0x9FA199,0x373838,0x15161C,0x25262E,0x22262D,0x22272D,0x23282E,
    0x22272D,0x22272D,0x22272D,0x22272D,0x22272D,0x22272D,0x22272D,0x22272D,
    0x22272D,0x22272D,0x23262D,0x23262D,0x23262D,0x23262D,0x23262D,0x23262D,
    0x23262D,0x23262D,0x23262D,0x23262D,0x23262D,0x23262D,0x23262D,0x23262D,
    0x23262D,0x23262D,0x23262D,0x22272D,0x22272D,0x22272D,0x22272D,0x22272D,
    0x22272D,0x22272D,0x22272D,0x22272D,0x22272D,0x22272D,0x22272D,0x22272D,
    0x23272D,0x23272D,0x23262D,0x23262D,0x23262E,0x23262E,0x23262F,0x23262F,
    0x23262F,0x23262F,0x23262F,0x22262E,0x22262E,0x22272F,0x22272F,0x22272F,
    0x22272F,0x23262E,0x23262E,0x23262E,0x23262E,0x22262D,0x22262D,0x23262D,
    0x23262D,0x23262D,0x23262D,0x23262D,0x23262D,0x23262D,0x23262D,0x23262D,
    0x23262D,0x23262D,0x23262D,0x23262D,0x23272E,0x23272E,0x22272D,0x22272D,
    0x21262C,0x22272D,0x22272C,0x22292D,0x24292E,0x262A32,0x23272E,0x141719,
    0x4B4C4B,0xC1C1BD,0xFFFFF9,0xFEFAEF,0xF4F1E5,0xF7F3E8,0xF7F3E9,0xF8F3E9,
    0xF8F3E8,0xF8F3E8,0xF9F4E9,0xF9F3EA,0xF9F3EA,0xF8F3EA,0xF4F1E6,0xF5F2E7,
    0xEFEDDE,0xDFDCCD,0xE2DECE,0xE4DFCF,0xE4E0D0,0xE3E0D1,0xE3E0D1,0xE3E0D1,
    0xE2E0D1,0xE3DFD2,0xE2DFD0,0xE3DFD1,0xE1DECC,0xE5E4CC,0xEFEEDD,0xC7C5BD,
    0x565453,0x13171B,0x1D212B,0x242732,0x23272D,0x23272D,0x22272D,0x22272D,
    0x23272D,0x22272D,0x22272D,0x22272D,0x22272D,0x22272D,0x23272C,0x23272C,
    0x23272C,0x23272C,0x23262C,0x23262C,0x23262C,0x23262C,0x23262C,0x23262D,
    0x23262D,0x23262D,0x23262D,0x23262D,0x23262D,0x23262D,0x23262D,0x24262D,
    0x24262D,0x24262D,0x24262D,0x23272D,0x23272D,0x23272D,0x23272D,0x22272D,
    0x22272D,0x22272D,0x22272D,0x22272C,0x22272C,0x22272C,0x22272C,0x22272C,
    0x22272D,0x22272D,0x22272D,0x22272D,0x22262D,0x22262C,0x23272D,0x23272D,
    0x23272D,0x23272D,0x23272D,0x23262D,0x23262D,0x22272D,0x22272D,0x22282D,
    0x22282D,0x22272D,0x22272D,0x22272D,0x22272D,0x21262C,0x21262C,0x22272D,
    0x22272D,0x22272D,0x23262D,0x23262D,0x23262D,0x23262D,0x22272D,0x22272D,
    0x22272D,0x22272D,0x22272D,0x22272D,0x21262C,0x21262C,0x22272D,0x22272D,
    0x21262C,0x23282E,0x23282E,0x22272D,0x22272D,0x22272D,0x23282E,0x262831,
    0x1A1D22,0x1A1D1F,0x696D6B,0xD8D9D0,0xFFFFF6,0xFCF9EE,0xF3F0E4,0xF8F2E8,
    0xFAF3E9,0xFAF3E9,0xFAF3E9,0xF9F3E9,0xF7F3E8,0xF7F3E8,0xF8F4E9,0xF9F5EA,
    0xECE8DA,0xE0DDCE,0xE3E0D1,0xE3E0D1,0xE3E0D1,0xE3E0D1,0xE3E0D1,0xE3DFD0,
    0xE1DFD1,0xE1DED1,0xDEDBCE,0xE5E2D3,0xF0EDDE,0xD5D5C7,0x797A73,0x222526,
    0x151B21,0x23292F,0x23282E,0x22272D,0x22272D,0x22262C,0x22262C,0x23272D,
    0x23272D,0x23272D,0x22272D,0x22272D,0x22272D,0x22272D,0x21262C,0x21262C,
    0x21262C,0x21262C,0x22262C,0x22262C,0x23272E,0x23272E,0x22262C,0x22252C,
    0x22262C,0x22262C,0x22262C,0x23272D,0x23272D,0x23272D,0x23272D,0x22272D,
    0x22272D,0x22272D,0x22272D,0x22272D,0x22272D,0x22272D,0x22272D,0x22272D,
    0x22272D,0x22272D,0x22272D,0x22272D,0x21262C,0x21262C,0x21262C,0x21262C,
    0x21262C,0x21262C,0x22272D,0x22272D,0x21262C,0x20262C,0x20262C,0x21262C,
    0x21262C,0x21272D,0x21272D,0x21272D,0x21272D,0x22272D,0x22272D,0x21262C,
    0x21262C,0x22272D,0x22272D,0x22272D,0x22272D,0x21262C,0x21262C,0x22262C,
    0x21262C,0x21262C,0x21272D,0x21272D,0x21272D,0x21272D,0x21262C,0x21262C,
    0x22272D,0x22272D,0x22272D,0x22272D,0x21262C,0x21262C,0x21262C,0x21262C,
    0x21262C,0x21262C,0x22272D,0x21262C,0x21262C,0x21262C,0x21262D,0x222531,
    0x252833,0x22252E,0x10141C,0x252728,0x81827D,0xE4E5DB,0xFFFFF4,0xF9F7E9,
    0xF4F1E5,0xF6F3E8,0xF7F4E9,0xF7F4E9,0xF7F3E8,0xF7F3E8,0xF8F4E9,0xF9F5EA,
    0xEDE9DB,0xE0DDCE,0xE4E0D1,0xE3E0D1,0xE3E0D0,0xE3E0D0,0xE3E0D0,0xE2DFD0,
    0xDFDCCC,0xE2E0CF,0xEEECDF,0xDEDDD1,0x868680,0x2D2D34,0x13151A,0x202328,
    0x24292E,0x22272D,0x22272C,0x22272D,0x22272D,0x21262C,0x20262C,0x21272D,
    0x21272D,0x21272D,0x22272D,0x22272D,0x22272D,0x22272D,0x1E272C,0x1E272C,
    0x1E272C,0x1E272C,0x20262C,0x20262C,0x20262C,0x20262C,0x20262C,0x20262C,
    0x20262C,0x20262C,0x20262C,0x21262C,0x21262C,0x21262C,0x20262C,0x1E272C,
    0x1E272C,0x1E272C,0x1E272C,0x1E272C,0x1E272C,0x1E272D,0x1E272D,0x1F282D,
    0x1F282D,0x1F282D,0x1F282D,0x20272D,0x21262C,0x21262C,0x21262C,0x21262C,
    0x21272C,0x21272C,0x21262C,0x21262C,0x20282D,0x20282D,0x1F272C,0x1F272C,
    0x1F272C,0x1E272C,0x1E272C,0x1F272C,0x1F272C,0x21262C,0x21262C,0x21262C,
    0x21262C,0x21262C,0x21262C,0x21262C,0x21262C,0x21272C,0x21272C,0x21272C,
    0x22272C,0x20272C,0x1F272C,0x1F272C,0x1F272C,0x1F272C,0x22272D,0x22272D,
    0x21262C,0x21262C,0x21262C,0x21262C,0x21272C,0x21272C,0x21262C,0x21262C,
    0x21262C,0x21262C,0x21262C,0x21272C,0x21272C,0x22272D,0x22272D,0x20272C,
    0x20262D,0x21272E,0x242A32,0x20252D,0x15191E,0x313435,0x898B88,0xE8E7DE,
    0xFFFFF4,0xF8F7EA,0xF1EFE3,0xF3F1E5,0xF7F2E7,0xF8F3E8,0xF7F3E8,0xF9F4E9,
    0xECE9DB,0xE1DECF,0xE3E0D2,0xE3E0D1,0xE2DFCE,0xE0DDCA,0xDFDCC9,0xE2DFCC,
    0xEFEBDA,0xE2DFD2,0x9B9993,0x3D3E3F,0x15181D,0x1E222A,0x252A31,0x22272D,
    0x22262D,0x21272C,0x21272D,0x21262C,0x21262C,0x20272C,0x1F272C,0x1F272C,
    0x1E272C,0x20272C,0x21262C,0x21262C,0x21262C,0x21262C,0x21262C,0x21262C,
    0x20252B,0x20252B,0x1F262C,0x1E272C,0x1F272C,0x1F272D,0x1F272D,0x1F272D,
    0x1F272D,0x1F272C,0x1F272C,0x1F272C,0x1F272C,0x1F272C,0x1F272C,0x21262C,
    0x21262C,0x21262C,0x21262C,0x21262C,0x21262C,0x20262C,0x20262C,0x20262C,
    0x20262C,0x20262C,0x21262C,0x21262C,0x21262C,0x21262C,0x22272D,0x22272D,
    0x21242C,0x21242C,0x21252D,0x21252D,0x20252D,0x20252D,0x20252D,0x20252D,
    0x20252D,0x20252D,0x20252D,0x20252D,0x20252D,0x21252D,0x21252D,0x22252D,
    0x22252D,0x20252B,0x20252B,0x21262C,0x21262C,0x21252C,0x21252D,0x21252D,
    0x21252D,0x21252D,0x20252D,0x20252D,0x20252D,0x20252D,0x21252C,0x21252C,
    0x21252B,0x21252B,0x21252D,0x21252D,0x21252D,0x21252D,0x21242C,0x21252D,
    0x21252D,0x22252D,0x21252C,0x21252B,0x21252B,0x21252C,0x21252C,0x21252B,
    0x21262B,0x21262C,0x21262B,0x21262D,0x252931,0x1D2228,0x0D1117,0x323536,
    0x8D8E89,0xE5E5DE,0xFFFFF8,0xFDFBEE,0xF2F0E6,0xF4F1E7,0xF6F2E7,0xF8F4E9,
    0xECEADC,0xE1DECF,0xE4DED0,0xE3DCCD,0xE1DCCA,0xE7E4D1,0xF3F0E1,0xE0DED1,
    0x989791,0x3F4041,0x121416,0x1B1D23,0x24282F,0x22262D,0x21252D,0x22252D,
    0x22252D,0x20242B,0x20242B,0x21252B,0x21252B,0x20252C,0x20252D,0x20252D,
    0x20252D,0x20252D,0x21252D,0x21252D,0x21252D,0x22252D,0x22242D,0x22242D,
    0x21242C,0x21242C,0x20252C,0x20262C,0x20252C,0x20252C,0x1F252C,0x1F252D,
    0x1F252D,0x1F252D,0x1F252D,0x20252D,0x20252D,0x20252D,0x20252D,0x22242B,
    0x22242B,0x22242B,0x22242B,0x22242D,0x22242D,0x22252D,0x22252D,0x22242C,
    0x22242B,0x22242B,0x22242B,0x22242C,0x21252D,0x21252D,0x21252D,0x21252D,
    0x23262F,0x23262F,0x22252E,0x22252E,0x22252E,0x22252E,0x22252E,0x22252E,
    0x22252E,0x22252E,0x22252E,0x22252E,0x22252E,0x22252E,0x22252E,0x22252E,
    0x22252E,0x21262C,0x21262C,0x21262C,0x21262C,0x22252D,0x22252E,0x22252E,
    0x22252E,0x22252E,0x22252E,0x22252E,0x22252E,0x22252E,0x22252C,0x22252C,
    0x22252C,0x22252C,0x22252E,0x22252E,0x22252E,0x22252E,0x22252E,0x22252E,
    0x22252E,0x22252E,0x22252D,0x22252C,0x22252C,0x22252C,0x22252C,0x22252C,
    0x22252C,0x22252C,0x22252C,0x21262C,0x21262C,0x23282E,0x262B31,0x1E232A,
    0x15181D,0x333435,0x817E7C,0xDCDBD4,0xFEFFF6,0xFEFEF2,0xF5F3E6,0xF4F1E3,
    0xEAE8D7,0xDDDBCA,0xE0DCCC,0xEAE5D5,0xF0EDDD,0xD6D4C8,0x8A8984,0x3C3B3F,
    0x15161D,0x1B1E26,0x25282F,0x24272D,0x22252C,0x22252E,0x22252E,0x22252E,
    0x22252E,0x22252C,0x22252C,0x22252C,0x22252C,0x22252D,0x22252E,0x22252E,
    0x22252E,0x22252E,0x22252E,0x22252E,0x22252E,0x22252E,0x22252E,0x22252E,
    0x22252E,0x22252E,0x22252C,0x22252C,0x22252C,0x22252C,0x22252E,0x22252F,
    0x22252E,0x21252E,0x21252E,0x22252E,0x22252E,0x22252E,0x22252E,0x22252C,
    0x22252C,0x22252C,0x22252C,0x22252E,0x22252E,0x22252E,0x22252E,0x22252D,
    0x22252C,0x22252C,0x22252C,0x22252D,0x22252E,0x22252E,0x22252E,0x22252E,
    0x22252E,0x22252E,0x22252E,0x22252E,0x22252E,0x22252E,0x22252E,0x22252E,
    0x22252E,0x22252E,0x22252E,0x22252E,0x22252E,0x22252E,0x22252E,0x22252E,
    0x22252E,0x21262C,0x21262C,0x21262C,0x21262C,0x22252D,0x22252E,0x22252E,
    0x22252E,0x22252E,0x22252E,0x22252E,0x22252E,0x22252E,0x22252C,0x22252C,
    0x22252C,0x22252C,0x22252E,0x22252E,0x22252E,0x22252E,0x22252E,0x22252E,
    0x22252E,0x22252E,0x22252D,0x22252C,0x22252C,0x22252C,0x22252C,0x22252C,
    0x22252C,0x22252C,0x22252C,0x21262C,0x21262C,0x21262C,0x21262C,0x23272F,
    0x262833,0x202129,0x111217,0x272729,0x70716E,0xC1C1BB,0xF5F4EA,0xFFFFF6,
    0xF7F6E6,0xEDECDE,0xE9EADE,0xBFC0B5,0x757470,0x2F2F2F,0x12121A,0x1C1C2A,
    0x232532,0x23262F,0x22252D,0x22252E,0x22252E,0x22252E,0x22252E,0x22252E,
    0x22252E,0x22252C,0x22252C,0x22252C,0x22252C,0x22252D,0x22252E,0x22252E,
    0x22252E,0x22252E,0x22252E,0x22252E,0x22252E,0x22252E,0x22252E,0x22252E,
    0x22252E,0x22252E,0x22252C,0x22252C,0x22252C,0x22252C,0x21252D,0x21252E,
    0x21252E,0x21252E,0x21252E,0x22252E,0x22252E,0x22252E,0x22252E,0x22252C,
    0x22252C,0x22252C,0x22252C,0x22252E,0x22252E,0x22252E,0x22252E,0x22252D,
    0x22252C,0x22252C,0x22252C,0x22252D,0x22252E,0x22252E,0x22252E,0x22252E,
    0x22252E,0x22252E,0x22252E,0x22252E,0x22252E,0x22252E,0x22252E,0x22252E,
    0x22252E,0x22252E,0x22252E,0x22252E,0x22252E,0x22252E,0x22252E,0x22252E,
    0x22252E,0x21262D,0x21262D,0x21262D,0x21262D,0x22252E,0x22252E,0x22252E,
    0x22252E,0x22252E,0x22252E,0x22252E,0x22252E,0x22252E,0x22252D,0x22252D,
    0x22252D,0x22252D,0x22252E,0x22252E,0x22252E,0x22252E,0x22252E,0x22252E,
    0x22252E,0x22252E,0x22252D,0x22252C,0x22252C,0x22252C,0x22252C,0x22252D,
    0x22252D,0x22252D,0x22252D,0x21262D,0x21262D,0x21262C,0x21262D,0x22252D,
    0x22252D,0x23272E,0x26292F,0x202429,0x15171E,0x1D1E22,0x454544,0x878883,
    0xB0B1AA,0x8F908B,0x515452,0x1E2222,0x12141A,0x20222A,0x252931,0x22272F,
    0x22262F,0x23252F,0x23252F,0x22252F,0x22252F,0x22252E,0x22252E,0x22252E,
    0x22252E,0x22252C,0x22252C,0x22252C,0x22252C,0x22252D,0x22252E,0x22252E,
    0x22252E,0x22252E,0x22252E,0x22252E,0x22252E,0x22252E,0x22252E,0x22252E,
    0x22252E,0x22252E,0x22252C,0x22252C,0x22252C,0x22252C,0x21252D,0x21252E,
    0x21252E,0x21252E,0x21252E,0x22252E,0x22252E,0x22252E,0x22252E,0x22252D,
    0x22252D,0x22252D,0x22252D,0x22252E,0x22252E,0x22252E,0x22252E,0x22252E,
    0x22252D,0x22252D,0x22252D,0x22252E,0x22252E,0x22252E,0x22252E,0x22252E,
    0x21262C,0x21262C,0x21262C,0x21262C,0x21252E,0x21252F,0x21252F,0x21252F,
    0x21252F,0x21252F,0x21252F,0x21252F,0x21252F,0x21252F,0x21252F,0x21252F,
    0x21252F,0x21252F,0x21252F,0x21252F,0x21252F,0x21252F,0x21252F,0x21252F,
    0x21252F,0x21252F,0x21252F,0x21252F,0x21252F,0x21252F,0x21252F,0x21252F,
    0x21252F,0x21252F,0x21252F,0x21252F,0x21252F,0x21252F,0x22252D,0x23252C,
    0x23252C,0x23252C,0x22252C,0x21262C,0x21262C,0x21262C,0x21262C,0x21252F,
    0x21252F,0x21252F,0x21252F,0x21252F,0x21252F,0x21252F,0x21252F,0x21262D,
    0x21262C,0x21262C,0x21262C,0x21272D,0x23282F,0x22272D,0x171C22,0x11161B,
    0x161A20,0x13181D,0x151A20,0x1F242A,0x23282E,0x22272D,0x21262C,0x21262C,
    0x21262C,0x21262C,0x21262C,0x21262C,0x21262D,0x21252F,0x21252F,0x21252F,
    0x21252F,0x21262C,0x21262C,0x21262C,0x21262C,0x21262C,0x21262C,0x21262C,
    0x21262C,0x21262D,0x21252F,0x21252F,0x21252F,0x21252F,0x21252F,0x21252F,
    0x21252F,0x21252F,0x21262C,0x21262C,0x21262C,0x21262C,0x21262C,0x21262C,
    0x21262C,0x21262C,0x21262C,0x21262C,0x21262C,0x21262C,0x21262C,0x21252F,
    0x21252F,0x21252F,0x21252F,0x21252F,0x21252F,0x21252F,0x21252F,0x21252F,
    0x21252F,0x21252F,0x21252F,0x21252F,0x21252F,0x21252F,0x21252F,0x21252F,
    0x21262C,0x21262C,0x21262C,0x21262C,0x21252D,0x21252E,0x21252E,0x21252E,
    0x21252E,0x21252E,0x21252E,0x21252E,0x21252E,0x21252E,0x21252E,0x21252D,
    0x21252D,0x21252E,0x21252E,0x21252E,0x21252E,0x21252E,0x21252E,0x21252E,
    0x21252E,0x21252E,0x21252E,0x21252E,0x21252E,0x21252E,0x21252E,0x21252E,
    0x21252E,0x21252E,0x21252E,0x21252E,0x21252D,0x21252D,0x22252D,0x22252C,
    0x22252C,0x22252C,0x22252C,0x21262C,0x21262C,0x21262C,0x21262C,0x21252E,
    0x21252E,0x21252E,0x21252E,0x21252E,0x21252E,0x21252E,0x21252E,0x21262D,
    0x21262C,0x21262C,0x21262C,0x21262C,0x21262C,0x21262C,0x24292F,0x252A30,
    0x23292F,0x252A30,0x24292F,0x22272D,0x22272D,0x22272D,0x21262C,0x21262C,
    0x21262C,0x21262C,0x21262C,0x21262C,0x21262C,0x21252E,0x21252E,0x21252E,
    0x21252E,0x21262C,0x21262C,0x21262C,0x21262C,0x21262C,0x21262C,0x21262C,
    0x21262C,0x21262D,0x21252D,0x21252D,0x21252D,0x21252D,0x21262E,0x21262E,
    0x21252D,0x21252D,0x21262C,0x21262C,0x21262C,0x21262C,0x21262C,0x21262C,
    0x21262C,0x21262C,0x21262C,0x21262C,0x21262C,0x21262C,0x21262C,0x21252E,
    0x21252E,0x21252E,0x21252E,0x21252E,0x21252E,0x21252E,0x21252E,0x21252E,
    0x21252E,0x21252E,0x21252E,0x21252E,0x21252E,0x21252E,0x21252E,0x21252E,
    0x21262C,0x21262C,0x21262C,0x21262C,0x21262C,0x21262B,0x21262B,0x21262B,
    0x21262B,0x21262B,0x21262B,0x21262B,0x21262B,0x21262B,0x21262B,0x20252B,
    0x20252B,0x21262B,0x21262B,0x21262B,0x21262B,0x21262B,0x21262B,0x21262B,
    0x21262B,0x21262B,0x21262B,0x21262B,0x21262B,0x21262B,0x21262B,0x21262B,
    0x21262B,0x21262B,0x21262B,0x21262B,0x21262B,0x20252A,0x20252B,0x1F252B,
    0x20252B,0x20252B,0x20262C,0x21262C,0x21262C,0x21262C,0x21262C,0x21262B,
    0x21262B,0x21262B,0x21262B,0x21262B,0x21262B,0x21262B,0x21262B,0x21262C,
    0x21262C,0x21262C,0x21262C,0x21262C,0x20252B,0x20252B,0x20252B,0x20252B,
    0x20252B,0x20252B,0x21262C,0x21262C,0x21262C,0x21262C,0x20252B,0x20252B,
    0x21262C,0x21262C,0x21262C,0x21262C,0x21262C,0x21262B,0x21262B,0x21262B,
    0x21262B,0x20252B,0x20252B,0x21262C,0x21262C,0x21262C,0x21262C,0x21262C,
    0x21262C,0x21262B,0x20252B,0x20252B,0x20252A,0x20252A,0x20252A,0x20252A,
    0x20252A,0x20252A,0x20252B,0x20252B,0x21262C,0x21262C,0x21262C,0x21262C,
    0x21262C,0x21262C,0x21262C,0x21262C,0x21262C,0x21262C,0x21262C,0x21262B,
    0x21262B,0x21262B,0x21262B,0x21262B,0x21262B,0x21262B,0x21262B,0x21262B,
    0x21262B,0x21262B,0x21262B,0x21262B,0x21262B,0x21262B,0x21262B,0x21262B,
    0x21252D,0x21252D,0x21252D,0x21252D,0x21262B,0x21262B,0x21262B,0x21262B,
    0x21262B,0x21262B,0x21262B,0x21262B,0x21262B,0x21262A,0x20252A,0x21262A,
    0x21262A,0x21262B,0x21262B,0x21262B,0x21262B,0x21262B,0x21262B,0x21262B,
    0x21262B,0x21262B,0x21262B,0x21262B,0x21262B,0x21262A,0x21262B,0x21262B,
    0x21262B,0x21262B,0x21262B,0x21262B,0x21262B,0x21262B,0x20262B,0x20262C,
    0x20262C,0x1F252B,0x20252B,0x21262C,0x21262C,0x20252B,0x20252B,0x21262B,
    0x21262B,0x21262B,0x21262B,0x21262B,0x21262B,0x20252A,0x20252A,0x21262B,
    0x21262C,0x21262C,0x21262C,0x21262C,0x21262C,0x21262C,0x21262C,0x21262C,
    0x20252B,0x20252B,0x21262C,0x21262C,0x21262C,0x21262C,0x21262C,0x21262C,
    0x21262C,0x21262C,0x21262C,0x21262C,0x21262C,0x21262B,0x21262B,0x21262B,
    0x21262B,0x21262C,0x21262C,0x21262C,0x21262C,0x21262C,0x21262C,0x21262C,
    0x21262C,0x21262C,0x21262B,0x21262B,0x21262B,0x21262B,0x21262B,0x21262B,
    0x21262B,0x21262B,0x21262C,0x21262C,0x21262C,0x21262C,0x21262C,0x21262C,
    0x21262C,0x21262C,0x21262C,0x21262C,0x21262C,0x21262C,0x21262C,0x21262B,
    0x21262B,0x21262B,0x21262B,0x21262B,0x21262B,0x21262B,0x21262B,0x21262B,
    0x21262B,0x21262A,0x20252A,0x20252A,0x21262B,0x21262B,0x20252A,0x20252A,
    0x20242C,0x20242C,0x21252D,0x21252D,0x21262D,0x21262C,0x21262C,0x21262C,
    0x21262C,0x22272D,0x22272D,0x22272D,0x22272D,0x21262C,0x21262C,0x21262C,
    0x21262C,0x21262C,0x21262C,0x21262C,0x21262C,0x21262C,0x21262C,0x21262C,
    0x21262C,0x21262C,0x21262C,0x21262C,0x21262C,0x20252B,0x21262C,0x21262C,
    0x21262C,0x21262C,0x21262C,0x21262C,0x21262C,0x21262C,0x21262C,0x21252C,
    0x21262C,0x21262C,0x21262C,0x20252B,0x20252B,0x21262C,0x21262C,0x21262C,
    0x21262C,0x21262C,0x21262C,0x21262C,0x21262C,0x20252C,0x20252C,0x21262C,
    0x21262C,0x21262C,0x20252B,0x21262C,0x22272D,0x22272D,0x22272D,0x22272D,
    0x22272D,0x22272D,0x21262C,0x21262C,0x21262C,0x21262C,0x21262C,0x21262C,
    0x21262C,0x21262C,0x21262C,0x21262C,0x21262C,0x21262C,0x21262C,0x21262C,
    0x21262C,0x21262C,0x21262C,0x21262C,0x21262C,0x21262C,0x21262C,0x21262C,
    0x21262C,0x21262C,0x21262C,0x21262C,0x21262C,0x21262C,0x21262C,0x21262C,
    0x21262C,0x21262C,0x21262C,0x21262C,0x20252B,0x20252B,0x21262C,0x21262C,
    0x21262C,0x20252B,0x20252B,0x20252B,0x20252B,0x21262C,0x21262C,0x21262C,
    0x21262C,0x21262C,0x21262C,0x22272D,0x22272D,0x22272D,0x22272D,0x22272D,
    0x22272D,0x21262D,0x21262C,0x21262C,0x22272D,0x22272D,0x21262C,0x21262C,
    0x20252A,0x20252A,0x20252A,0x20252A,0x21252B,0x20252B,0x20252B,0x20252B,
    0x20252B,0x21262C,0x21262C,0x20252B,0x20252B,0x20252B,0x20252B,0x20252B,
    0x20252B,0x21262C,0x21262C,0x20252B,0x20252B,0x20252B,0x20252B,0x21262C,
    0x21262C,0x21262C,0x21262C,0x21262C,0x21262C,0x20252B,0x21262C,0x21262C,
    0x20252B,0x20252B,0x20252B,0x20252B,0x21262C,0x21262C,0x20252B,0x20252B,
    0x20252B,0x20252B,0x20252C,0x21262C,0x21262C,0x21262C,0x21262C,0x20252B,
    0x20252B,0x20252B,0x20252B,0x20252B,0x20252B,0x21262C,0x21262C,0x21262C,
    0x21262C,0x21262C,0x21262C,0x21262C,0x21262C,0x21262C,0x21262C,0x21262C,
    0x21262C,0x21262C,0x21262C,0x21262C,0x21262C,0x21262C,0x20252B,0x20252B,
    0x20252B,0x20252B,0x20252B,0x20252B,0x20252B,0x20252B,0x20252B,0x21262C,
    0x21262C,0x21262C,0x21262C,0x20252B,0x20252B,0x20252B,0x20252B,0x21262C,
    0x21262C,0x21262C,0x20252B,0x20252B,0x21262C,0x21262C,0x21262C,0x21262C,
    0x21262C,0x21262C,0x20252B,0x20252B,0x21262C,0x21262C,0x21262C,0x21262C,
    0x21262C,0x20252B,0x20252B,0x20252B,0x20252B,0x20252B,0x20252B,0x20252B,
    0x20252B,0x20252B,0x20252B,0x20252B,0x20252B,0x21262C,0x21262C,0x20252B,
    0x21262C,0x20252B,0x20252B,0x20252B,0x20252B,0x20252B,0x20252B,0x20252B,
    0x202528,0x202528,0x1F2427,0x1F2427,0x20252A,0x20252B,0x20252B,0x20252B,
    0x20252B,0x1F242A,0x20252A,0x20252B,0x20252B,0x20252B,0x20252B,0x20252B,
    0x20252B,0x1F242A,0x1F242A,0x20252B,0x20252B,0x20252B,0x20252B,0x1F242A,
    0x1F242A,0x1F242A,0x1F242A,0x1F242A,0x1F242A,0x1F242A,0x20252B,0x20252B,
    0x20252B,0x20252B,0x20252B,0x20252B,0x1F242A,0x1F242A,0x20252B,0x20252B,
    0x20252B,0x20252B,0x1F252A,0x1F242A,0x1F242A,0x1F242A,0x1F242A,0x20252B,
    0x20252B,0x20252B,0x20252B,0x1F242A,0x1F242A,0x1F242A,0x1F242A,0x1F252A,
    0x1F252A,0x20252B,0x20252B,0x20252B,0x1F252A,0x1F252A,0x20252B,0x20252B,
    0x20252B,0x20252B,0x20252A,0x20252A,0x1F242A,0x1F242A,0x20252B,0x20252B,
    0x20252B,0x20252B,0x20252B,0x20252B,0x20252B,0x20252B,0x20252B,0x1F242A,
    0x1F242A,0x1F242A,0x1F242A,0x1F242A,0x1F242A,0x1F242A,0x1F242A,0x1F242A,
    0x1F242A,0x1F242A,0x1F242A,0x1F242A,0x1F242A,0x1F242A,0x20252B,0x20252B,
    0x1F252A,0x1F252A,0x20252B,0x20252B,0x20252B,0x1F242A,0x1F242A,0x1F242A,
    0x20252A,0x20252B,0x20252B,0x20252B,0x20252B,0x20252B,0x20252B,0x20252B,
    0x20252B,0x20252B,0x20252B,0x1F242A,0x1F242A,0x1F242A,0x1F242A,0x1F242A,
    0x1F252A,0x1F242A,0x20252B,0x20252B,0x20252B,0x20252B,0x20252B,0x20252B,
    0x20252A,0x20252A,0x20252A,0x20252A,0x20242C,0x20232D,0x20242C,0x20242D,
    0x20242D,0x20242C,0x20242C,0x20242D,0x21252D,0x20242D,0x20242D,0x20242D,
    0x20242D,0x1F232C,0x1F232C,0x20242D,0x20242D,0x20242D,0x20242D,0x20242C,
    0x20242C,0x20242C,0x20242C,0x20242C,0x20242C,0x20242C,0x20242D,0x20242D,
    0x20242D,0x20242D,0x20242D,0x20242D,0x20242C,0x20242C,0x20242D,0x20242D,
    0x20242D,0x20242D,0x20242C,0x20252B,0x20252B,0x20252B,0x20252B,0x20242D,
    0x20242D,0x20242D,0x20242D,0x20242C,0x20242C,0x20242C,0x20242C,0x20242C,
    0x20242C,0x20242C,0x20242C,0x20242C,0x20242C,0x20242C,0x20242D,0x20242D,
    0x20242D,0x20242D,0x20242C,0x20242C,0x20242C,0x20242C,0x20242D,0x20242D,
    0x20242D,0x20242D,0x20242D,0x20242D,0x20242D,0x20242D,0x20242D,0x20242C,
    0x20242C,0x20242C,0x20242C,0x20242C,0x20242C,0x20242C,0x20242C,0x20242C,
    0x20242C,0x20242B,0x20252B,0x20252B,0x20252B,0x20252B,0x20242D,0x20242D,
    0x20242C,0x20242C,0x20242D,0x20242D,0x20242C,0x20242C,0x20242C,0x20242C,
    0x20242C,0x20242C,0x20242C,0x20242C,0x20242C,0x20242C,0x20242C,0x20242C,
    0x20242C,0x20242D,0x20242D,0x20242C,0x20242C,0x20242C,0x20242C,0x20242C,
    0x20242C,0x20242C,0x20242D,0x20242D,0x20242D,0x20242D,0x20242C,0x20242C,
    0x20252C,0x20252B,0x20252B,0x20252B,0x20242D,0x20232D,0x20242D,0x20242D,
    0x20242D,0x20242D,0x20242D,0x1F232C,0x20242D,0x20242D,0x20242D,0x20242D,
    0x20242D,0x20242E,0x20242E,0x20242D,0x20242D,0x20242D,0x20242D,0x20242D,
    0x20242D,0x20242D,0x20242D,0x20242D,0x20242D,0x20242D,0x20242D,0x20242D,
    0x20242D,0x20242D,0x20242D,0x20242D,0x20242D,0x20242D,0x20242D,0x20242D,
    0x20242D,0x20242D,0x20242C,0x20252B,0x20252B,0x20252B,0x20252B,0x20242D,
    0x20242D,0x20242D,0x20242D,0x20242D,0x20242D,0x20242D,0x20242D,0x20242D,
    0x20242D,0x20242D,0x20242D,0x20242D,0x20242D,0x20242D,0x20242D,0x20242D,
    0x20242D,0x20242D,0x20242D,0x20242D,0x20242D,0x20242D,0x20242D,0x20242D,
    0x20242D,0x20242D,0x20242D,0x20242D,0x20242D,0x20242D,0x20242D,0x20242D,
    0x20242D,0x20242D,0x20242D,0x20242D,0x20242D,0x20242D,0x20242D,0x20242D,
    0x20242D,0x20242C,0x20252B,0x20252B,0x20252B,0x20252B,0x20242D,0x20242D,
    0x20242D,0x20242D,0x20242D,0x20242D,0x20242D,0x20242D,0x20242D,0x20242D,
    0x20242D,0x20242D,0x20242D,0x20242D,0x20242D,0x20242D,0x20242D,0x20242D,
    0x20242D,0x20242D,0x20242D,0x20242D,0x20242D,0x20242D,0x20242D,0x20242D,
    0x20242D,0x20242D,0x20242D,0x20242D,0x20242D,0x20242D,0x20242D,0x20242D,
    0x20252A,0x1F252A,0x20252B,0x20252B,0x20242C,0x20242D,0x20242D,0x20242D,
    0x1F232C,0x20242D,0x20242D,0x20242D,0x20242D,0x20242D,0x20242D,0x20242D,
    0x20242D,0x20242D,0x20242D,0x20242D,0x20242D,0x20242D,0x20242D,0x20242D,
    0x20242D,0x20242D,0x20242D,0x20242D,0x20242D,0x20242D,0x20242D,0x20242D,
    0x20242D,0x20242D,0x20242D,0x20242D,0x20242D,0x20242D,0x20242D,0x20242D,
    0x20242D,0x20242D,0x20242C,0x20252B,0x20252B,0x20252B,0x20252B,0x20242D,
    0x20242D,0x20242D,0x20242D,0x20242D,0x20242D,0x20242D,0x20242D,0x20242D,
    0x20242D,0x20242D,0x20242D,0x20242D,0x20242D,0x20242D,0x20242D,0x20242D,
    0x20242D,0x20242D,0x20242D,0x20242D,0x20242D,0x20242D,0x20242D,0x20242D,
    0x20242D,0x20242D,0x20242D,0x20242D,0x20242D,0x20242D,0x20242D,0x20242D,
    0x20242D,0x20242D,0x20242D,0x20242D,0x20242D,0x20242D,0x20242D,0x20242D,
    0x20242D,0x20242C,0x20252B,0x20252B,0x20252B,0x20252B,0x20242D,0x20242D,
    0x20242D,0x20242D,0x20242D,0x20242D,0x20242D,0x20242D,0x20242D,0x20242D,
    0x20242D,0x20242D,0x20242D,0x20242D,0x20242D,0x20242D,0x20242D,0x20242D,
    0x20242D,0x20242D,0x20242D,0x20242D,0x20242D,0x20242D,0x20242D,0x20242D,
    0x20242D,0x20242D,0x20242D,0x20242D,0x20242D,0x20242D,0x1F232D,0x20242D,
    0x242831,0x20242C,0x1F242A,0x20252C,0x20242B,0x20242C,0x20242C,0x20242D,
    0x1F232D,0x20242D,0x20242D,0x20242E,0x20242D,0x20242D,0x20242D,0x20242D,
    0x20242D,0x20242D,0x20242D,0x20242D,0x20242D,0x20242D,0x20242D,0x20242D,
    0x20242D,0x20242D,0x20242D,0x20242D,0x20242D,0x20242D,0x20242D,0x20242D,
    0x20242D,0x20242D,0x20242D,0x20242D,0x20242D,0x20242D,0x20242D,0x20242D,
    0x20242D,0x20242D,0x20242C,0x20252C,0x20252C,0x20252C,0x20252C,0x20242D,
    0x20242D,0x20242D,0x20242D,0x20242D,0x20242D,0x20242D,0x20242D,0x20242D,
    0x20242D,0x20242D,0x20242D,0x20242D,0x20242D,0x20242D,0x20242D,0x20242D,
    0x20242D,0x20242D,0x20242D,0x20242D,0x20242D,0x20242D,0x20242D,0x20242D,
    0x20242D,0x20242D,0x20242D,0x20242D,0x20242D,0x20242D,0x20242D,0x20242D,
    0x20242D,0x20242D,0x20242D,0x20242D,0x20242D,0x20242D,0x20242D,0x20242D,
    0x20242D,0x20242C,0x20252B,0x20252B,0x20252B,0x20252B,0x20242D,0x20242D,
    0x20242D,0x20242D,0x20242D,0x20242D,0x20242D,0x20242D,0x20242D,0x20242D,
    0x20242D,0x20242D,0x20242D,0x20242D,0x20242D,0x20242D,0x20242D,0x20242D,
    0x20242D,0x20242D,0x20242D,0x20242D,0x20242D,0x20242D,0x20242D,0x20242D,
    0x20242D,0x20242D,0x20242D,0x20242D,0x20242D,0x20242B,0x20242B,0x20232C,
    0x2C2C46,0x262838,0x21252C,0x20232B,0x20252C,0x20252B,0x20252C,0x20242C,
    0x20242D,0x20242E,0x20242E,0x21252F,0x21252E,0x20242D,0x20242D,0x20242D,
    0x20242D,0x21252E,0x21252E,0x21252E,0x21252E,0x22252E,0x22252E,0x21242D,
    0x21242D,0x21242D,0x21242D,0x21242D,0x21242D,0x21242D,0x21242D,0x21242D,
    0x21242D,0x21242D,0x21242D,0x21242D,0x21242D,0x21242D,0x20242D,0x20242D,
    0x20242D,0x20242D,0x20242D,0x21252E,0x21252E,0x21252E,0x21252E,0x21252E,
    0x21252E,0x21252E,0x21252E,0x20242D,0x20242D,0x20242D,0x20242D,0x20242D,
    0x20242D,0x20242D,0x20242D,0x20242D,0x21242D,0x21242D,0x21242D,0x21242D,
    0x20242D,0x20242D,0x20242D,0x20242D,0x20242D,0x20242D,0x21252E,0x21252E,
    0x21252E,0x21252E,0x21252E,0x21252E,0x21252E,0x21252E,0x21252E,0x20242D,
    0x20242D,0x20242D,0x20242D,0x20242D,0x20242D,0x21242D,0x21242D,0x21242D,
    0x21242D,0x21242D,0x20242D,0x20242D,0x20242D,0x20242D,0x20242D,0x20242D,
    0x20242D,0x20242D,0x20242D,0x20242D,0x21252E,0x21252E,0x21252E,0x21252E,
    0x21252E,0x20242D,0x20242D,0x21242D,0x21242D,0x21242D,0x21242D,0x21242D,
    0x21242D,0x21242D,0x21242D,0x20252B,0x20252B,0x20252B,0x20252B,0x20242C,
    0x1F232C,0x1F232C,0x20242D,0x20242D,0x20252C,0x202428,0x23242C,0x282735,
    0x292A4B,0x292C46,0x282B3C,0x232831,0x1F242E,0x1F232E,0x20242D,0x20252C,
    0x20252C,0x20252D,0x20252D,0x21252D,0x21252E,0x20242D,0x20242D,0x20242D,
    0x20242D,0x21252E,0x21252E,0x21252E,0x21252E,0x22252E,0x22252E,0x21242D,
    0x21242D,0x21242D,0x21242D,0x21242D,0x21242D,0x21242D,0x21242D,0x21242D,
    0x21242D,0x21242D,0x21242D,0x21242D,0x21242D,0x21242D,0x20242D,0x20242D,
    0x20242D,0x20242D,0x20242D,0x21252E,0x21252E,0x21252E,0x21252E,0x21252E,
    0x21252E,0x21252E,0x21252E,0x20242D,0x20242D,0x20242D,0x20242D,0x20242D,
    0x20242D,0x20242D,0x20242D,0x20242D,0x21242D,0x21242D,0x21242D,0x21242D,
    0x20242D,0x20242D,0x20242D,0x20242D,0x20242D,0x20242D,0x21252E,0x21252E,
    0x21252E,0x21252E,0x21252E,0x21252E,0x21252E,0x21252E,0x21252E,0x20242D,
    0x20242D,0x20242D,0x20242D,0x20242D,0x20242D,0x21242D,0x21242D,0x21242D,
    0x21242D,0x21242D,0x20242D,0x20242D,0x20242D,0x20242D,0x20242D,0x20242D,
    0x20242D,0x20242D,0x20242D,0x20242D,0x21252E,0x21252E,0x21252E,0x21252E,
    0x21252E,0x20242D,0x20242D,0x21242D,0x21242D,0x21242D,0x21242D,0x21242D,
    0x21242D,0x21242D,0x21242D,0x20252B,0x20252B,0x20252B,0x20252B,0x21252D,
    0x21252E,0x20242D,0x20242D,0x20242D,0x21242C,0x262634,0x2C2941,0x2F2A48,
    0x252A48,0x262B4C,0x272B4A,0x272D43,0x25293A,0x232633,0x1F232D,0x20242B,
    0x21262A,0x21262B,0x21262B,0x21262B,0x21262C,0x21242E,0x21252E,0x21252E,
    0x21252E,0x21252E,0x21252E,0x21252E,0x21252E,0x22252E,0x22252E,0x22252E,
    0x22252E,0x22252E,0x21242D,0x21242D,0x21242D,0x21242D,0x21242D,0x21242D,
    0x21242D,0x21242D,0x22252E,0x22252E,0x22252E,0x22252E,0x21252E,0x21252E,
    0x21252E,0x21252E,0x21252E,0x21252E,0x21252E,0x21252E,0x21252E,0x21252E,
    0x21252E,0x21252E,0x21252E,0x20242D,0x20242D,0x20242D,0x20242D,0x20242D,
    0x20242D,0x20242D,0x20242D,0x20242D,0x21242D,0x21242D,0x21242D,0x21242D,
    0x21252E,0x21252E,0x21252E,0x21252E,0x21252E,0x21252E,0x21252E,0x21252E,
    0x21252E,0x21252E,0x21252E,0x21252E,0x21252E,0x21252E,0x21252E,0x20242D,
    0x20242D,0x20242D,0x20242D,0x20242D,0x20242D,0x21242D,0x21242D,0x21242D,
    0x21242D,0x21242D,0x21252E,0x21252E,0x21252E,0x21252E,0x21252E,0x21252E,
    0x21252E,0x21252E,0x21252E,0x21252E,0x21252E,0x21252E,0x20242D,0x20242D,
    0x20242D,0x20242D,0x20242D,0x21242D,0x21242D,0x21242D,0x21242D,0x21242D,
    0x21242D,0x20232C,0x21242D,0x21252C,0x20252B,0x21262C,0x21262C,0x21252D,
    0x21252E,0x20242C,0x1F242B,0x22262E,0x292939,0x2E2946,0x322A4F,0x30284E,
    0x252A47,0x252949,0x272A4B,0x282C4B,0x2A2D48,0x292C44,0x262A3D,0x222833,
    0x21262C,0x21252A,0x202528,0x202529,0x20252B,0x21252C,0x20252C,0x21252C,
    0x21252D,0x21252E,0x21252E,0x21252E,0x21252E,0x22252E,0x22252E,0x21242D,
    0x21242D,0x21242D,0x21242D,0x21242D,0x21242D,0x21242D,0x22252E,0x22252E,
    0x21242D,0x21242D,0x21252E,0x21252E,0x21252E,0x21252E,0x21252E,0x21252E,
    0x21252E,0x21252E,0x21252E,0x21252E,0x21252E,0x20242D,0x20242D,0x21242D,
    0x21242D,0x21242D,0x21242D,0x21242D,0x21242D,0x21242D,0x21242D,0x21242D,
    0x21242D,0x21242D,0x21242D,0x21242D,0x22252E,0x22252E,0x22252E,0x22252E,
    0x21252E,0x21252E,0x21252E,0x21252E,0x21252E,0x21252E,0x21252E,0x21252E,
    0x21252E,0x22252E,0x22252E,0x22252E,0x22252E,0x21242D,0x21242D,0x21242D,
    0x21242D,0x21242D,0x21242D,0x21242D,0x21242D,0x20242D,0x20242D,0x21252E,
    0x21252E,0x21252E,0x21252E,0x21252E,0x21252E,0x21252E,0x21252E,0x21252E,
    0x21252E,0x21252E,0x22252E,0x22252E,0x22252E,0x22252E,0x21242D,0x21242D,
    0x21242D,0x21242D,0x21242D,0x21242D,0x21242D,0x21242D,0x21242D,0x21252C,
    0x21252C,0x21252D,0x21252C,0x20242E,0x20242C,0x20252A,0x20242C,0x20242B,
    0x22252F,0x242536,0x29293C,0x2E2C44,0x322C4D,0x312A4F,0x30284F,0x2E264D,
    0x242746,0x262947,0x262948,0x272A49,0x272B49,0x2A2D4E,0x2A2E4D,0x292E48,
    0x282C41,0x272A3A,0x23272F,0x21262C,0x21252C,0x20252B,0x1F242A,0x1F252A,
    0x21272C,0x21252E,0x21252E,0x21252E,0x21252E,0x22252E,0x22252E,0x21242D,
    0x21242D,0x21242D,0x21242D,0x21242D,0x21242D,0x21242D,0x22252E,0x22252E,
    0x21242D,0x21242D,0x21252E,0x21252E,0x21252E,0x21252E,0x21252E,0x21252E,
    0x21252E,0x21252E,0x21252E,0x21252E,0x21252E,0x20242D,0x20242D,0x21242D,
    0x21242D,0x21242D,0x21242D,0x21242D,0x21242D,0x21242D,0x21242D,0x21242D,
    0x21242D,0x21242D,0x21242D,0x21242D,0x22252E,0x22252E,0x22252E,0x22252E,
    0x21252E,0x21252E,0x21252E,0x21252E,0x21252E,0x21252E,0x21252E,0x21252E,
    0x21252E,0x22252E,0x22252E,0x22252E,0x22252E,0x21242D,0x21242D,0x21242D,
    0x21242D,0x21242D,0x21242D,0x21242D,0x21242D,0x20242D,0x20242D,0x21252E,
    0x21252E,0x21252E,0x21252E,0x21252E,0x21252E,0x21252E,0x21252E,0x21252E,
    0x21252E,0x21252E,0x22252E,0x22252E,0x22252E,0x22252E,0x21242D,0x21242D,
    0x21242D,0x21242D,0x21242D,0x21242D,0x21242D,0x21242D,0x21242D,0x21262C,
    0x21262C,0x21262C,0x20252B,0x20242F,0x20242E,0x22272C,0x232731,0x262935,
    0x2C2C3F,0x302D4B,0x322C50,0x312A50,0x302850,0x2E264D,0x2E264D,0x2E264D,
};

#endif
